100000.jpg,129.39733678653243,126.27580049840606,143.55801304386134
100001.jpg,113.72444930535531,102.59331246796104,134.11615449386454
100002.jpg,72.2900440685874,71.49958336837595,81.47249267609413
100100.jpg,98.21984120190152,87.89108568519319,114.24354953122997
100101.jpg,61.31581815988242,57.52683688365052,74.99265581947648
100200.jpg,95.81050982995322,80.072922298515,118.52490941484845
100300.jpg,126.23618632757433,108.72870235206011,147.67489717496477
100301.jpg,131.72643960055427,106.11592684203993,144.3784103970428
100302.jpg,133.0665645675141,103.9727626293573,148.90056183318916
100400.jpg,121.89812512014609,94.089815340454,142.73151126770153
100401.jpg,72.3400378341195,45.924245774371066,88.27821098663522
100500.jpg,186.71980328078945,189.04252095548188,202.38115623598296
100501.jpg,123.73186619929835,124.07595048078464,142.9384624203031
100502.jpg,127.98591424672402,135.7472024732074,151.81288734601276
100600.jpg,87.23400417407568,50.58561022703608,64.51735935898051
100601.jpg,109.74144467764503,56.68186439385786,73.32368286513831
100700.jpg,38.05380730468249,47.56122257164712,30.832919329905163
100701.jpg,51.63178675269127,82.43751952374087,42.64359698893855
100800.jpg,131.39345494991474,118.09910835597826,126.70488664215686
100801.jpg,127.72736497581059,126.68136716747566,131.50113375364444
100900.jpg,120.42426916130015,96.16331684328144,108.29717223643951
100902.jpg,107.39660689898918,83.40698389241318,91.37988957071799
101000.jpg,134.8779907617663,93.19572425068884,85.07329450111335
101001.jpg,165.79931083697775,115.58867507889593,113.65394444644689
101100.jpg,157.61670303589165,110.93696259651736,109.70575945349545
101101.jpg,171.48377752346855,122.75527941977444,121.20115372793316
101201.jpg,162.62246979166667,88.44391510416666,98.37331197916667
101300.jpg,74.15976399739583,78.71295369466146,76.27113098144531
101301.jpg,93.04227905273437,96.95935546875,94.64631917317708
101400.jpg,146.07050609588623,81.33123270670573,113.37844181060791
101401.jpg,147.54102071126303,53.766546885172524,99.91940943400066
101402.jpg,146.29760805765787,80.18326155344646,112.54586982727051
101404.jpg,141.80849679311117,92.57787068684895,116.91493097941081
101500.jpg,136.66443920135498,164.11022472381592,149.36326630910239
101501.jpg,124.80148760477702,146.43636417388916,134.77634207407633
101502.jpg,73.99166297912598,95.53822326660156,84.70051002502441
101503.jpg,119.38210741678874,146.93973795572916,132.08891805013022
101504.jpg,96.17681090037028,114.91859245300293,104.92322095235188
101600.jpg,143.65543715159097,144.2278038660685,144.11095428466797
101601.jpg,148.00953801472983,149.1434097290039,148.71082083384195
101700.jpg,84.65961360931396,135.52458127339682,129.62878894805908
101701.jpg,96.84620221455891,134.4876979192098,136.55287329355875
101800.jpg,67.42220910390218,229.01572799682617,185.22870953877768
101900.jpg,109.69652239481609,152.82021458943686,146.4781920115153
101901.jpg,124.9260819753011,149.2672389348348,152.86785984039307
102000.jpg,39.20070012410482,165.47098223368326,136.85130246480307
102001.jpg,28.521507898966473,176.0005782445272,137.83850383758545
102100.jpg,113.63932609558105,143.20126883188883,119.07538445790608
102101.jpg,123.1841500600179,130.42792797088623,125.49771563212077
102200.jpg,134.81356365949983,136.6430369815879,131.83936992886967
102201.jpg,106.51396624247234,133.36247857411703,120.63094075520833
102202.jpg,126.15929873127583,152.20924650670412,134.9350184080686
102300.jpg,102.59012571970622,76.76529788970947,103.91453170776367
102301.jpg,98.82782077789307,81.28992557525635,101.8148759206136
102302.jpg,77.16201972961426,63.92342726389567,92.4982058207194
102303.jpg,92.51703961690266,76.61643123626709,98.72288513183594
102400.jpg,120.41277599334717,123.58474890391032,126.88477102915446
102401.jpg,86.02566782633464,79.7063798904419,90.39026133219402
102402.jpg,114.66117032368977,101.11697101593018,117.66088549296062
102500.jpg,97.9241091410319,95.41271686553955,99.81534608205159
102501.jpg,110.77899360656738,109.40952428181966,112.23594824473064
102601.jpg,120.04235299428304,110.45968786875407,130.01357746124268
102700.jpg,112.44203726450603,155.8726069132487,132.14303716023764
102701.jpg,83.88755257924397,123.8594872156779,102.4170036315918
102800.jpg,123.22197437286377,122.11570358276367,125.0765364964803
102801.jpg,118.6107063293457,116.55444622039795,120.12636629740398
102802.jpg,125.2116216023763,123.52588081359863,125.63629245758057
102900.jpg,65.20789273579915,106.36480077107747,83.8877607981364
102901.jpg,60.50840632120768,109.97384039560954,77.76490688323975
103000.jpg,91.72830041249593,130.2098264694214,112.0106242497762
103001.jpg,94.88529968261719,159.3218682607015,128.63234583536783
103002.jpg,102.89320182800293,168.66771348317465,130.83582051595053
103100.jpg,107.66591771443684,149.54190953572592,162.39820130666098
103102.jpg,121.7708002726237,139.5558245976766,158.32904116312662
103200.jpg,129.37903235569473,138.37960268971676,135.9163140751442
103201.jpg,83.12871137466641,104.51158928148675,96.0203768307184
103202.jpg,133.27083703243372,131.46073522646566,134.1319995386213
103203.jpg,110.16675510879391,110.92407310632963,111.79233906223098
103204.jpg,128.76325538992555,123.41287256666452,128.6954670215113
103300.jpg,63.94467862447103,127.42364470163982,91.2769832611084
103302.jpg,65.81419944763184,130.6336793899536,92.85047054290771
103303.jpg,102.7963212331136,148.5627876917521,122.43471145629883
103304.jpg,98.34708150227864,133.34057521820068,114.17120456695557
103400.jpg,117.20750045776367,132.56949615478516,149.09664376576742
103401.jpg,111.41311581929524,134.37572606404623,149.9171994527181
103500.jpg,89.29198106129964,125.82961750030518,132.93520418802896
103501.jpg,94.57717386881511,131.70146656036377,139.61822891235352
103502.jpg,96.15111764272054,126.09911060333252,137.79760551452637
103503.jpg,88.466903368632,115.72147528330485,126.92849699656169
103600.jpg,95.81421724955241,147.37833309173584,147.43203735351562
103601.jpg,101.50453980763753,142.93833859761557,144.92247263590494
103700.jpg,114.34803644816081,129.46136856079102,142.75200907389322
103701.jpg,112.66106828053792,122.63162326812744,136.28657499949136
103702.jpg,109.35570589701335,124.30205917358398,136.9522212346395
103800.jpg,95.59028085072835,96.45065975189209,114.21270147959392
103801.jpg,63.12537956237793,117.97125498453777,121.84071032206218
103900.jpg,107.66591771443684,149.54190953572592,162.39820130666098
103901.jpg,120.18932501475017,151.70507621765137,167.03077030181885
103902.jpg,121.7708002726237,139.5558245976766,158.32904116312662
104000.jpg,112.66460069020589,123.33310254414876,137.88954544067383
104001.jpg,108.97139326731364,119.6387186050415,133.82933298746744
104002.jpg,109.72873306274414,119.74810059865315,134.2767012914022
104003.jpg,118.33104705810547,111.00971253712972,129.92850335439047
104004.jpg,119.7788937886556,113.12794367472331,131.69899908701578
104005.jpg,115.69133186340332,116.12132263183594,133.41752592722574
104006.jpg,118.69026851654053,129.16730086008707,144.5306806564331
104100.jpg,104.79397137959798,102.55564498901367,121.45691299438477
104101.jpg,100.81333192189534,109.26777331034343,124.83780606587727
104200.jpg,100.67467085520427,159.59722391764322,125.71466604868571
104201.jpg,95.07953612009685,185.80202611287436,133.98267618815103
104202.jpg,83.75326665242513,107.00630569458008,96.95910771687825
104203.jpg,130.34145323435465,147.78274631500244,142.0296729405721
104300.jpg,145.48417536417642,143.95495096842447,142.80974324544272
104301.jpg,157.0273691813151,153.0864798227946,151.59895706176758
104400.jpg,102.663254737854,96.55623722076416,108.37975597381592
104401.jpg,169.66591580708823,163.7345069249471,172.13963572184244
104402.jpg,109.53829924265544,107.87723763783772,111.4335994720459
104500.jpg,120.96136728922527,119.74333318074544,121.18091710408528
104501.jpg,109.48628489176433,108.27514616648357,110.61804898579915
104502.jpg,121.40464782714844,120.40579986572266,120.76773993174235
104600.jpg,154.75784492492676,152.6592617034912,149.80233891805014
104601.jpg,121.30368677775066,122.91125520070393,120.6008071899414
104700.jpg,99.62972323099773,98.48962179819743,99.38651466369629
104701.jpg,125.59639199574788,123.18243948618571,124.48413467407227
104800.jpg,141.44394175211588,126.95625305175781,132.919527053833
104801.jpg,144.99000072479248,148.37244351704916,143.15523274739584
104802.jpg,77.27100054423015,80.19718011220296,79.14491939544678
104900.jpg,145.46251487731934,139.79469871520996,140.45295524597168
104901.jpg,131.19727293650308,123.45273621877034,127.61851247151692
105000.jpg,119.63225809733073,112.78202565511067,120.57777309417725
105001.jpg,114.26889673868816,116.1057923634847,117.45547072092693
105002.jpg,161.3809560139974,149.21839110056558,159.61246013641357
105101.jpg,110.41363112131755,115.99570655822754,113.4771375656128
105102.jpg,95.9148457845052,93.61040083567302,95.73899841308594
105103.jpg,83.9176009496053,81.70933850606282,83.27748489379883
105104.jpg,96.47975667317708,92.37053871154785,95.50804265340169
105200.jpg,134.2382771174113,131.7836062113444,134.18322944641113
105300.jpg,132.66434033711752,118.68897501627605,135.39084148406982
105301.jpg,70.44974867502849,62.97937520345052,75.3042729695638
105400.jpg,124.41493542989095,134.24614969889322,130.1909039815267
105401.jpg,88.99931399027507,76.54215494791667,87.59791851043701
105500.jpg,81.30012035369873,72.66339778900146,81.11301136016846
105501.jpg,104.59235604604085,96.64694499969482,104.26900577545166
105600.jpg,38.83481311798096,31.900320370992024,38.685285886128746
105601.jpg,42.92829990386963,34.22295093536377,42.34246508280436
105700.jpg,94.60288619995117,67.83271249135335,102.05338891347249
105701.jpg,111.01765060424805,89.90682888031006,119.9607925415039
105800.jpg,155.71323867671745,62.6695524693849,111.91838439436984
105801.jpg,123.6571914210464,108.15047419104037,117.45586687408532
105802.jpg,155.95540818563833,103.18325326462423,128.02107444742165
105900.jpg,114.44126733144124,117.14889113108318,115.43803215026855
105901.jpg,107.08612219492595,113.16984589894612,110.21075026194255
106000.jpg,112.5213057200114,122.6536324818929,117.1296402613322
106001.jpg,177.6776154836019,147.6442438761393,139.56812032063803
106002.jpg,129.41528765360513,139.9462226231893,133.72573725382486
106100.jpg,141.9928871790568,141.6344804763794,142.3887383143107
106101.jpg,103.64762369791667,99.99862639109294,105.79170735677083
106200.jpg,71.52042992909749,152.52937094370523,144.99086348215738
106201.jpg,69.77084382375081,148.88849194844565,141.48257382710776
106202.jpg,72.74893315633138,147.03423500061035,139.73205407460532
106300.jpg,101.7457662267317,141.18913010721036,145.24624568475267
106301.jpg,106.57875526640395,147.82991855596404,154.8658046935073
106400.jpg,147.32677811218443,197.2833261495979,183.2074659035387
106401.jpg,96.61801838535659,153.08833091038704,136.10044501613962
106402.jpg,100.23142829180283,157.58480111815967,142.6607801336425
106403.jpg,89.73682497917467,169.62669881575997,159.42042611315358
106500.jpg,113.902628471221,102.7351816058327,107.6754470936659
106501.jpg,108.30383433755446,94.01016924079681,99.79596351663623
106600.jpg,104.81715691280597,110.47818472262271,107.57635647447296
106601.jpg,112.83239206374952,115.51840800913911,114.00427932866366
106602.jpg,114.59588885084263,120.37879211120723,116.89046505550749
106603.jpg,114.96392926298378,114.21452160827566,113.52667005578783
106604.jpg,108.81967096989939,107.59067826476996,107.06233592548539
106605.jpg,143.3955672597879,143.84969773244265,141.74453109981738
106606.jpg,135.92501265451833,134.66798157102514,133.2969942188832
106700.jpg,110.31130110062892,84.46451700078616,99.29159542059749
106701.jpg,100.66154919381968,107.94361118119633,107.47984874607523
106702.jpg,108.29828531901042,118.86325459798176,116.45347147623698
106703.jpg,107.93875289852461,103.08446420847751,111.35604945613866
106704.jpg,102.3670266794422,97.26683284373799,106.54097820449667
106800.jpg,69.5827998860677,109.8327392578125,107.4261279296875
106801.jpg,61.50257690429687,107.32984110514323,106.00585917154947
106900.jpg,57.06808675130208,99.50495666503906,98.14346903483073
106901.jpg,62.458780721028646,106.73812744140625,105.19527933756511
106902.jpg,51.53869181315104,88.30469685872396,88.02714579264322
106903.jpg,87.50077128092448,130.64330647786457,128.04743387858073
107000.jpg,75.10822134715815,120.2311522060826,134.30259232726996
107001.jpg,16.45315693789308,142.66731525157232,125.23565251572327
107100.jpg,103.61226125969179,61.07342966547321,90.9841387126746
107101.jpg,105.82747095468089,65.28695431144271,93.93594260620915
107200.jpg,115.30752945581827,104.59711371527777,131.78164998638343
107201.jpg,106.49200177415737,96.2710445902217,123.90469636077471
107202.jpg,123.33717225145777,116.16554880734974,141.73347140122388
107203.jpg,128.58599594607043,106.3376075307574,131.2753026430139
107300.jpg,105.59531139866077,126.9933139948177,132.73945592840894
107301.jpg,117.24501969394784,135.93542935709823,139.95627207684544
107400.jpg,81.68956188224881,69.19338077602364,108.87716863706267
107401.jpg,83.9735758682558,69.37401017136838,109.16058614775567
107500.jpg,70.9623437099513,69.43779248065648,85.3345128926775
107501.jpg,97.60002600662405,94.56294917119217,130.9300325445742
107600.jpg,94.0868630004085,82.47258103353678,119.55926481601628
107601.jpg,95.0683342194108,83.5444135068243,118.08795545383185
107700.jpg,114.513642578125,137.92920267740885,131.47569193522136
107701.jpg,108.1501603449795,140.87479913074299,126.9861514101147
107702.jpg,129.57889318411188,160.6329012328992,148.67858440864092
107800.jpg,104.44815871099257,119.11191834270473,113.51896643818884
107801.jpg,95.81005239871683,108.38856737292548,105.94680368828496
107900.jpg,98.16156145873381,92.395430718754,106.31346980428201
107901.jpg,103.33663985406254,98.86010964332628,111.07475577802607
107902.jpg,142.80642135837178,131.49089668036333,153.09491954716935
108000.jpg,119.32579040527344,113.4473164876302,118.24657726287842
108001.jpg,162.17814572652182,142.88993390401205,154.0553436279297
108100.jpg,165.51370463053385,137.06816833496094,153.68275390625
108101.jpg,157.32156168619792,131.20929484049478,146.5019258626302
108102.jpg,158.39311767578124,134.81428914388022,148.63799723307292
108103.jpg,150.4639862060547,122.67536295572917,140.3206689453125
108104.jpg,157.37966471354167,128.50562683105468,144.3525233968099
108105.jpg,138.50635131835938,107.53926066080729,125.28520446777344
108106.jpg,96.01910074869792,13.51101806640625,43.19300598144531
108200.jpg,165.23460896809897,133.1931260172526,152.67816182454428
108201.jpg,160.47718587239584,123.67947102864584,146.50220967610676
108202.jpg,170.29985514322917,131.0913555908203,156.32460367838542
108203.jpg,169.73781880696615,127.19217407226563,152.87851603190103
108300.jpg,133.3465020751953,120.3197373453776,128.0835819498698
108301.jpg,126.30055236816406,112.89815511067708,122.23661885579428
108400.jpg,154.9036562093099,132.86840698242187,143.9832843017578
108401.jpg,126.39060221354167,111.37665730794271,118.27425170898438
108500.jpg,158.36770589192707,107.97589742024739,140.17508361816405
108501.jpg,147.04961079915364,95.80434427897136,126.60832194010416
108600.jpg,107.78653584798177,94.84723876953124,104.30865295410156
108601.jpg,125.63368041992187,112.24441914876301,121.76472493489584
108700.jpg,123.93064676920572,91.11358723958334,108.93131795247396
108701.jpg,132.25167297363282,92.4758251953125,112.34049886067709
108800.jpg,89.32143412272136,75.98136169433593,84.08945129394532
108801.jpg,107.6259755452474,92.2059120686849,99.87264607747396
108802.jpg,134.48880940755208,108.98308736165365,122.96350504557292
108900.jpg,97.8593140625,71.96779895833333,82.91703333333334
108901.jpg,95.73783697916667,29.772854166666665,57.97049583333333
108902.jpg,115.659446875,29.614897395833335,65.92136145833334
109000.jpg,80.83638125,25.850976041666666,41.7329578125
109001.jpg,138.6882515625,26.30515,54.0289109375
109100.jpg,95.862421875,78.508978125,87.6500640625
109101.jpg,148.7280671875,95.720509375,123.70635625
109200.jpg,98.9077984375,65.62259427083333,75.162815625
109201.jpg,103.4527859375,56.17110520833333,69.171040625
109300.jpg,120.42984867095947,59.66006056467692,84.61643600463867
109301.jpg,125.79135417938232,52.23112805684408,70.77090167999268
109400.jpg,140.62617524464926,97.50002511342366,101.5734338760376
109401.jpg,139.61730734507242,98.72571690877278,104.56295839945476
109402.jpg,152.17187786102295,102.15609359741211,116.87777805328369
109500.jpg,108.50426228841145,79.66518020629883,106.88587315877278
109501.jpg,120.28953679402669,59.65708510080973,113.0995225906372
109600.jpg,116.10330613454182,122.98987611134847,132.78289127349854
109601.jpg,104.37539482116699,114.14972146352132,119.27116203308105
109700.jpg,104.5429089864095,79.16011397043864,85.91784540812175
109701.jpg,86.02907435099284,61.47524388631185,64.04432233174641
109800.jpg,69.45582230885823,17.26489512125651,38.2300132115682
109801.jpg,88.92218621571858,21.75565751393636,47.66648546854655
109802.jpg,148.23461723327637,31.40447171529134,74.79719797770183
109900.jpg,134.03083645833334,134.67798958333333,132.76340989583332
109901.jpg,121.33391875,121.79804895833334,119.46749322916666
110000.jpg,119.70178853352864,130.45267049153645,127.7417940266927
110001.jpg,100.02713846842448,109.01583699544271,106.68051432291666
110100.jpg,102.68183854166666,53.653083333333335,119.73856927083334
110101.jpg,108.2017546875,58.691211458333335,126.22984583333333
110200.jpg,122.19619322916667,116.7317453125,133.438834375
110201.jpg,122.63816614583334,113.28074635416667,138.00460625
110300.jpg,124.01259583333334,126.2741859375,132.266928125
110301.jpg,149.5182171875,121.8579328125,146.378178125
110302.jpg,141.09828489583333,120.06020989583334,140.46895364583332
110400.jpg,85.68815989583334,65.32547916666667,74.16129791666667
110401.jpg,88.78855520833334,57.530359895833335,72.46172916666667
110500.jpg,126.3435390625,114.9394171875,120.41748697916667
110501.jpg,133.18270520833335,123.57814635416666,125.4963625
110600.jpg,126.1383734375,122.62031666666667,124.44925520833333
110601.jpg,135.33287760416667,133.12271510416667,132.9796953125
110700.jpg,133.5175546875,127.8592859375,126.94320208333333
110701.jpg,131.8504453125,127.71017708333333,126.31823645833333
110702.jpg,126.7602578125,131.365659375,131.27010833333333
110800.jpg,122.36869895833334,132.73544947916668,136.70871041666666
110801.jpg,117.866871875,128.71732291666666,134.25816354166668
110802.jpg,111.61683802083333,117.68478854166666,125.25295625
110900.jpg,143.47586458333333,142.203746875,140.95086875
110901.jpg,155.26975104166667,155.1339421875,153.1995671875
111000.jpg,129.97431614583334,145.30993125,139.58025052083335
111001.jpg,123.81096927083334,142.17648854166666,134.710990625
111002.jpg,125.94889427083334,145.34734635416666,137.37493072916666
111100.jpg,122.33668385416667,130.82925989583333,126.25058541666667
111101.jpg,111.41762864583333,121.9907828125,116.44669375
111200.jpg,107.95223333333334,99.3773,109.87033541666666
111201.jpg,108.6479265625,99.7171359375,114.34188541666667
111300.jpg,138.21727916666666,133.16281041666667,144.6100828125
111301.jpg,143.39364895833333,128.44746822916667,149.11033489583335
111400.jpg,114.66848470052084,115.54606465657552,120.09616658528645
111401.jpg,115.5910146077474,118.87514689127605,122.67715799967448
111500.jpg,129.1681064860026,129.81488505045573,136.94372192382812
111501.jpg,127.4480967203776,132.78258138020834,138.36758138020832
111600.jpg,131.39431905110678,119.52069966634114,127.51874816894531
111601.jpg,110.74409627278646,107.65989359537761,117.20024108886719
111700.jpg,141.56922302246093,134.685317179362,141.94438598632811
111701.jpg,135.04503865559897,150.28216878255208,147.50843282063803
111702.jpg,141.37682840983072,147.10091186523437,150.60744506835937
111703.jpg,120.29003580729167,119.39535319010416,127.97649190266927
111800.jpg,117.91127482096354,122.24930155436198,125.05383361816406
111801.jpg,119.05861735026042,122.3829559326172,126.32723673502605
111900.jpg,132.75907287597656,130.88690714518228,146.1703025309245
111901.jpg,115.85292846679687,127.80443216959635,129.62530151367187
112000.jpg,137.71722253163657,127.99961725870769,138.34587383270264
112001.jpg,141.06138229370117,125.77790991465251,139.84559218088785
112002.jpg,93.97299989064534,112.40644772847493,106.85806496938069
112003.jpg,113.26745287577312,137.18477376302084,128.9887898763021
112100.jpg,121.24023966471354,59.654949544270835,107.17969868977865
112101.jpg,120.5221299235026,59.46565063476562,105.79277608235677
112200.jpg,131.20348999023437,105.18096557617187,136.00687296549478
112201.jpg,135.76640279134114,103.18583923339844,140.8522979736328
112300.jpg,66.44928955078124,92.02814778645833,86.68660217285156
112301.jpg,93.30749450683594,121.05749287923177,115.08554463704426
112302.jpg,103.5567626953125,144.24642211914062,130.32301330566406
112400.jpg,116.98536539713541,139.17729370117186,130.96019490559897
112401.jpg,121.75002075195313,136.95490600585939,135.86658711751303
112402.jpg,128.66410217285156,140.84788940429686,146.67707112630208
112403.jpg,109.92993591308594,128.29648173014323,135.76646911621094
112404.jpg,101.0403818766276,126.33139383951823,125.67730244954427
112405.jpg,104.90037170410156,139.1727453613281,134.21131673177084
112406.jpg,104.30340209960937,143.2328497314453,132.33472778320314
112407.jpg,102.07976420084636,139.09363057454428,129.97717753092448
112408.jpg,95.35234415690104,141.5142441813151,119.459599609375
112500.jpg,107.31654215494791,145.83553385416667,137.66092529296876
112501.jpg,104.9917930094401,103.4512314860026,135.0043204752604
112600.jpg,107.3907743326823,100.42525329589844,114.65618774414062
112601.jpg,86.82945882161458,100.6147528076172,101.5196592203776
112602.jpg,98.05697001139323,123.22179931640625,119.36423482259114
112700.jpg,119.35426595052083,99.54380635579427,115.14530008951823
112701.jpg,126.24493774414063,110.22245076497396,120.54275410970052
112800.jpg,112.06323994954427,111.31025512695312,111.10697998046875
112801.jpg,137.4550750732422,134.92288798014323,137.7136747233073
112900.jpg,119.25283386230468,126.15192057291667,127.44573588053386
112901.jpg,114.64977701822917,116.66747395833333,123.94067179361979
112902.jpg,99.51681315104166,112.74330078125,109.90004211425781
113000.jpg,122.90167622884114,118.2139383951823,119.6342344156901
113001.jpg,129.90148742675783,136.07936828613282,133.76593322753905
113100.jpg,130.66196533203126,122.95867004394532,133.7837196858724
113101.jpg,108.90041605631511,83.8570770263672,104.8698604329427
113200.jpg,123.15986206054687,113.85560974121094,130.83324971516927
113201.jpg,107.20089457194011,123.09809265136718,126.27816426595052
113300.jpg,124.547509765625,136.79713989257812,138.87043884277344
113301.jpg,116.3335166422526,132.2385174560547,131.65792622884115
113400.jpg,122.33573567708333,130.04458618164062,125.42729227701822
113401.jpg,146.08644978841147,156.52157633463543,155.2063309733073
113402.jpg,131.39376973470053,139.69980834960938,135.92417419433593
113403.jpg,119.53435343424479,130.1100840250651,124.81994649251303
113404.jpg,113.13450378417969,122.60912780761718,117.99312316894532
113500.jpg,126.7243282063802,120.0503135172526,134.50535034179688
113501.jpg,139.66224812825521,140.7197578938802,149.34843688964844
113502.jpg,132.6345184326172,134.64800740559895,142.75691446940104
113600.jpg,116.781259765625,106.20715657552083,123.4343906656901
113601.jpg,126.26329081217447,113.23345458984375,127.59972920735677
113700.jpg,121.91839965820313,96.89948140462239,123.77021809895834
113701.jpg,123.38754516601563,94.12414388020834,124.93707234700521
113800.jpg,157.87191365559895,155.6771240234375,161.46164896647136
113801.jpg,111.88892537434896,110.21228597005208,121.07876118977865
113900.jpg,116.08306884765625,100.35069213867187,120.81680806477864
113901.jpg,134.8018074544271,110.46541625976562,136.5679443359375
114000.jpg,122.8962178548177,112.11827067057291,118.07950276692708
114001.jpg,100.73654724121094,92.51979614257813,97.43704427083334
114002.jpg,69.54626607259115,58.7337646484375,60.618649291992185
114100.jpg,129.89262471516926,100.3112939453125,118.43264831542969
114101.jpg,116.6193634033203,112.61036641438803,117.46839965820313
114200.jpg,118.91424560546875,105.12498026529948,122.45593302408854
114201.jpg,118.82087626139322,102.94356018066406,125.08711832682292
114300.jpg,91.34491597493489,99.02448567708333,99.33860310872396
114301.jpg,111.08194478352864,103.0998154703776,117.76209635416667
114400.jpg,144.19188618977864,121.96697672526042,132.54305053710937
114401.jpg,135.99043721516927,110.05766072591146,122.27691548665365
114402.jpg,125.63953776041667,110.11828389485677,117.09390584309895
114500.jpg,124.66221944173176,118.25081990559896,124.6319775390625
114501.jpg,132.8381113688151,122.09330139160156,131.22104146321615
114502.jpg,112.15626770019531,114.76728942871094,116.4420233154297
114503.jpg,129.37606099446614,124.73406962076822,129.56668497721355
114504.jpg,127.5479648844401,124.30980000813803,129.34974507649738
114600.jpg,139.08985595703126,100.51664611816406,121.81314290364584
114601.jpg,146.95367858886718,123.08819356282552,136.24798482259115
114700.jpg,139.75778076171875,104.41504435221354,127.08280293782552
114701.jpg,142.29336161295572,113.21334533691406,129.60699239095052
114702.jpg,146.9746435546875,118.1390018717448,134.11241902669272
114703.jpg,152.30762959798176,128.55755635579428,140.60138061523438
114800.jpg,123.41240844726562,87.86209716796876,113.47446716308593
114801.jpg,144.7683125813802,104.60910766601563,134.4750966389974
114900.jpg,132.2185528564453,135.62721598307292,134.18986083984376
114901.jpg,123.25924438476562,128.06730895996094,126.70184834798177
114902.jpg,139.84874877929687,99.09551920572916,121.54033955891927
114903.jpg,117.7308925374349,72.61588684082031,97.09564270019531
115000.jpg,133.82712931315103,112.10813456217448,135.191806640625
115001.jpg,128.79570373535157,103.12348653157552,126.34950276692709
115100.jpg,143.44136189778646,126.49880839029947,136.4575354003906
115101.jpg,145.74274454752603,108.26205281575521,128.97792928059897
115200.jpg,162.72032185872396,133.21998677571614,150.97163126627603
115201.jpg,171.3223722330729,126.20252970377604,153.42575968424478
115300.jpg,149.85864583333333,107.9410898844401,133.68441345214845
115301.jpg,150.1605702718099,97.08076599121094,129.21271769205728
115400.jpg,137.06579915364583,127.75017781575521,133.27448384602866
115401.jpg,136.9717869059245,133.00986938476564,134.29932291666665
115500.jpg,111.60739501953125,101.30060302734375,107.71981404622396
115501.jpg,116.96122904459635,105.76295349121094,114.5334552001953
115600.jpg,125.35189025878907,105.14563293457032,116.58358174641927
115601.jpg,165.72690266927083,127.99791158040365,149.42511678059896
115602.jpg,149.70088623046874,98.26614786783854,126.90884562174479
115700.jpg,136.45660868326823,114.1052313232422,128.41013793945314
115701.jpg,125.30874348958334,101.316591796875,116.79743591308593
115702.jpg,131.1630908203125,109.0431416829427,124.31705078125
115800.jpg,119.03288513183594,93.11185709635417,112.72904927571615
115801.jpg,138.334189453125,107.09041625976562,127.94485188802084
115900.jpg,98.47007446289062,97.1657090250651,101.10161661783854
115901.jpg,110.70119506835937,101.70909200032553,108.3847607421875
115902.jpg,98.49489786783855,85.83124409993489,94.55083028157551
116000.jpg,138.8465614827474,124.00968831380209,132.68809773763022
116001.jpg,137.3031140136719,125.5317578125,133.46046610514324
116002.jpg,137.6357039388021,126.66730672200521,136.5349462890625
116100.jpg,110.87740539550781,113.61529052734375,116.61475809733074
116101.jpg,123.26799560546876,118.37051513671875,126.59104187011718
116200.jpg,112.29839090983073,129.68535624186197,124.28409769694011
116201.jpg,123.02738505045573,120.75447814941407,129.1005889892578
116300.jpg,110.92582967122395,102.90852376302084,109.32702758789063
116301.jpg,108.00896525065104,104.08150736490886,109.95311258951823
116400.jpg,116.83918640136719,99.77686462402343,111.34636922200521
116401.jpg,113.15941772460937,93.01234761555989,106.69060587565104
116402.jpg,122.77055786132813,92.57082499186198,111.97031758626302
116500.jpg,109.67929911295573,109.62392049153645,109.64013102213542
116501.jpg,129.56131612141928,125.7687070719401,126.14407755533854
116600.jpg,155.82578409830728,123.04652038574218,137.62244791666666
116601.jpg,146.66843872070314,106.61517049153646,121.40107564290365
116700.jpg,133.43048624674478,130.62242716471354,133.70057840983074
116701.jpg,154.27174092610676,149.32543782552082,154.59086649576824
116702.jpg,130.48400207519532,128.83147583007812,132.38003540039062
116703.jpg,120.46453328450521,106.83828898111979,124.26348083496094
116800.jpg,131.89436584472656,127.35584716796875,132.09651733398437
116801.jpg,131.64365315755208,122.2130340576172,129.92196919759115
116802.jpg,130.38280578613282,126.35589599609375,129.60861796061198
116803.jpg,135.26208923339843,128.0772021484375,133.0538368733724
116900.jpg,145.00830505371093,132.56024332682293,141.4422782389323
116901.jpg,141.8203330485026,133.26025472005207,139.64096659342448
117000.jpg,140.00558532714842,136.6965067545573,142.73187967936198
117001.jpg,120.38798278808594,125.38115254720051,127.97245666503906
117100.jpg,128.54932393391928,121.87833902994792,126.86226094563803
117101.jpg,140.50718241373698,124.08788981119791,133.26849670410155
117102.jpg,123.72695963541666,114.7943916829427,121.2297129313151
117200.jpg,123.98076171875,120.44902526855469,122.30404479980469
117201.jpg,139.68848958333334,134.45679545084636,136.3045458984375
117300.jpg,137.91629455566405,144.29474141438803,142.6151580810547
117301.jpg,150.863935546875,157.90213500976563,155.2087595621745
117302.jpg,133.30267435709635,143.03796346028645,139.53620727539064
117400.jpg,115.67722086588542,134.76033081054686,125.94772196451822
117401.jpg,122.626962890625,137.28717936197916,131.35588256835936
117402.jpg,132.7269024658203,136.32458719889323,135.0740791829427
117403.jpg,120.81980814615885,131.17435709635416,125.85907450358073
117500.jpg,128.65320495605468,122.58529276529949,128.50393920898438
117501.jpg,127.33198262532552,114.45547241210937,126.21163045247395
117600.jpg,137.27407267252605,118.57184488932292,139.66598510742188
117601.jpg,111.4055820719401,108.1360225423177,126.03852416992187
117700.jpg,153.29509480794272,84.95250508626302,118.23200337727864
117701.jpg,152.16829243977864,93.9829931640625,123.02196105957032
117800.jpg,144.87570170084635,91.32819539388021,118.32691609700521
117801.jpg,153.144790242513,123.60426228841146,136.90314290364583
117802.jpg,138.46116048177083,115.1351385498047,126.4036942545573
117900.jpg,141.44848592122395,103.10749837239584,111.89641805013021
117901.jpg,144.38437784830728,113.40237060546875,117.33691813151042
118000.jpg,155.76803690592448,117.99163452148437,128.71181355794272
118001.jpg,152.46402954101563,123.19032206217447,132.5176564534505
118002.jpg,156.20782633463543,133.4678985595703,139.73446695963543
118003.jpg,148.61768249511718,110.4002762858073,127.54368306477865
118100.jpg,154.14065673828125,112.02458821614583,122.73231282552084
118101.jpg,179.2334442138672,96.7605224609375,125.57827962239584
118200.jpg,156.71163146972657,116.33841105143229,128.01651529947915
118201.jpg,148.52578857421875,115.48077189127604,126.00141581217449
118202.jpg,159.62806681315104,132.0139884440104,139.25737996419272
118300.jpg,177.03224019368488,89.38255330403646,122.75648111979167
118301.jpg,181.0691269938151,83.42938456217448,121.37848368326823
118302.jpg,177.77425699869792,93.133251953125,123.88777791341145
118303.jpg,179.61814432779948,89.00315083821614,122.65259501139323
118400.jpg,87.97456095377605,75.18247599283855,77.87302795410156
118401.jpg,86.37203918457031,83.16134745279948,80.99736165364584
118402.jpg,97.78944519042969,66.59104777018229,79.67687357584636
118500.jpg,135.72867716471353,109.16808471679687,114.46183776855469
118501.jpg,140.9267030843099,134.46724283854167,127.88392293294271
118600.jpg,167.24564188639323,121.10869995117187,134.72407470703126
118601.jpg,177.31204752604165,131.5195977783203,145.09238749186198
118700.jpg,141.69025939941406,91.35172526041667,114.33286499023437
118701.jpg,159.1290545654297,92.95352844238282,129.60864929199218
118800.jpg,147.4525909423828,94.91874654134115,115.64521667480469
118801.jpg,133.66484883626302,89.77879659016926,106.23136881510416
118802.jpg,131.3353430175781,79.74166870117188,99.58746826171875
118803.jpg,99.39701273600261,65.5964453125,75.50626241048177
118900.jpg,106.62761306762695,124.64915593465169,117.18986129760742
118901.jpg,113.07045904795329,131.1877816518148,124.89834181467693
119000.jpg,118.42317138671875,129.01266133626302,124.8236289469401
119001.jpg,119.14497151692709,140.56425821940104,130.98857157389324
119100.jpg,146.61344462076823,133.6054414876302,136.70789082845053
119101.jpg,131.84699951171876,130.59986287434896,133.43090657552082
119200.jpg,160.04849446614583,135.31287740071613,140.21910786946614
119201.jpg,158.50158935546875,132.86666748046875,139.53001098632814
119202.jpg,143.7137841796875,125.8834161376953,128.64870524088542
119203.jpg,151.83871602376303,142.44930501302085,141.82688151041665
119300.jpg,132.92965983072918,143.97539815266927,137.54545532226564
119301.jpg,137.49881978352866,157.41573486328124,146.55368916829428
119400.jpg,131.59567138671875,124.7778173828125,129.13821065266927
119401.jpg,129.0499405924479,118.02091145833333,123.85738098144532
119500.jpg,114.56926737467448,124.94836710611979,121.79379455566406
119501.jpg,119.67002909342447,132.86598897298177,128.351513671875
119600.jpg,144.55504943847657,122.8825341796875,130.79352172851563
119601.jpg,130.2219217936198,111.4054951985677,121.91992146809896
119602.jpg,134.7960115559896,118.47989420572917,128.86914042154947
119603.jpg,128.87167317708332,105.27163533528646,118.65389628092449
119604.jpg,124.86388305664063,102.87667215983073,118.84338073730468
119605.jpg,133.65503051757813,97.06211954752604,115.07211344401041
119700.jpg,106.47136047363281,114.0501942952474,111.4611747233073
119701.jpg,112.99158142089844,134.05817525227866,124.63012471516927
119702.jpg,109.51610392252604,111.38149373372396,112.57596354166667
119703.jpg,108.59156209309896,116.48721740722657,112.97521891276041
119704.jpg,122.23424011230469,126.11796997070313,125.49295349121094
119800.jpg,123.58377848307292,144.1292626953125,133.69930379231772
119801.jpg,121.13835388183594,139.01214599609375,130.80830525716146
119900.jpg,136.18855692545574,134.29941650390626,137.40710306803385
119901.jpg,129.1298124186198,137.04679321289063,138.28140157063802
120000.jpg,66.45983479817708,77.64576578776041,70.88237630208333
120001.jpg,101.57632649739584,84.98079711914062,92.47947733561197
120100.jpg,138.73564595540364,116.34967956542968,133.0532092285156
120101.jpg,135.40346110026042,118.39047770182292,129.81976135253908
120200.jpg,106.53059265136719,90.49432291666666,108.00757751464843
120201.jpg,129.81401611328124,127.25932047526042,134.35361490885415
120300.jpg,121.09990804036458,120.89358866373698,128.23350850423176
120301.jpg,137.86667358398438,113.08279276529947,132.3027040608724
120400.jpg,143.10410420735678,124.58319274902344,142.09328369140624
120401.jpg,149.56887939453125,116.70736999511719,141.6447430419922
120500.jpg,121.59297505696614,107.88589029947917,118.57798400878906
120501.jpg,111.84314493815104,102.44200500488282,109.16547688802083
120600.jpg,113.99422892252605,106.59904113769531,114.69303588867187
120601.jpg,77.63852396647135,77.68903401692708,80.20561360677084
120700.jpg,101.98867655436197,121.2418778483073,112.56409220377604
120701.jpg,106.86032368977864,124.51015502929687,116.97435404459635
120702.jpg,112.68711791992187,120.42631612141928,119.07301493326823
120703.jpg,111.60370768229167,126.4308133951823,121.20805501302084
120800.jpg,100.90433675130208,110.22929321289062,108.25884969075521
120801.jpg,105.94083414713542,115.3053515625,112.29650227864583
120900.jpg,103.11873840332031,106.73097005208334,108.38424601236979
120901.jpg,107.8767138671875,115.42739481608074,114.9898319498698
121000.jpg,139.60907836914063,131.31013977050782,125.32122029622396
121001.jpg,172.8668133544922,156.866469523112,156.5372060139974
121100.jpg,106.7944179280599,141.89307189941405,131.7983943684896
121101.jpg,98.11542032877604,139.0605900065104,125.07351643880209
121200.jpg,68.86844706217448,84.21346150716145,72.41089680989583
121201.jpg,111.71325317382812,117.91076538085937,111.36815246582032
121300.jpg,69.86093668619792,64.20775451660157,63.92330546061198
121301.jpg,114.70107971191406,111.92625813802083,110.94538838704428
121400.jpg,139.1036387125651,114.88356241861979,124.91009033203125
121401.jpg,133.2711340332031,108.29345296223958,117.06458679199218
121402.jpg,122.55134745279948,118.06057088216146,119.52484090169271
121403.jpg,119.16255940755208,123.65132344563803,120.56421040852865
121404.jpg,109.03821085611979,109.59740051269532,106.7459354654948
121500.jpg,107.68847147623698,107.60610310872396,107.05058471679688
121501.jpg,121.14807189941406,118.48801717122396,121.39487325032552
121600.jpg,90.10529093424479,102.92621520996094,97.32577799479166
121601.jpg,117.8122910563151,123.1540946451823,121.57150248209635
121700.jpg,121.00839314778646,109.94535970052084,116.96318725585938
121701.jpg,131.31810668945312,112.74720316569011,127.04395426432292
121800.jpg,77.99296997070313,115.05258260091146,95.44871520996094
121801.jpg,110.7766103108724,121.06929178873698,111.57937764485678
121900.jpg,92.38248596191406,97.57543721516927,96.75729878743489
121901.jpg,102.6668896484375,88.19894755045573,97.14663411458334
122000.jpg,82.57111979166666,102.66098693847657,94.76119038899739
122001.jpg,110.46459554036458,120.27285074869792,120.43129455566407
122002.jpg,124.3711063639323,111.59703186035156,120.58823140462239
122100.jpg,83.2611659749349,111.65720642089843,96.93724548339844
122101.jpg,93.93419413248698,109.29681030273437,101.16004252115886
122102.jpg,117.2498653157552,119.51269877115885,114.21461710611979
122200.jpg,111.56215861002605,94.3440956624349,122.18091756184896
122201.jpg,140.8521982828776,97.743994140625,147.21703979492187
122202.jpg,115.56083475748697,93.98525797526041,116.70779581705729
122203.jpg,118.97878682454427,96.48802062988281,125.427607421875
122300.jpg,131.78395175933838,130.24010626475015,131.00815550486246
122301.jpg,124.38229529062907,122.15405623118083,123.84296290079753
122302.jpg,113.00996526082356,111.42499605814616,113.10704167683919
122400.jpg,88.44245830777591,82.67990238410383,85.51318981496428
122401.jpg,88.87158236753186,81.26753676233213,84.34920819074983
122402.jpg,96.00902984030647,87.8054007538094,92.90629640689566
122500.jpg,128.82449213663736,128.29036362965903,129.9244286219279
122501.jpg,125.6371243794759,125.8240270614624,127.18448225657146
122502.jpg,124.83891678907327,124.900406598388,125.2402791004864
122503.jpg,114.64251391092937,117.03586419423421,118.69775327046712
122504.jpg,98.06557273864746,99.4481782913208,103.16676044464111
122600.jpg,139.3043909072876,137.6868085861206,139.94391886393228
122601.jpg,133.0293451944987,134.22861925760904,135.06825097401938
122602.jpg,132.1489896774292,133.5311959584554,134.27070172627768
122700.jpg,109.73005106608073,117.1262978108724,114.08892110188802
122701.jpg,116.93021830240886,112.21562316894531,114.13605936686199
122702.jpg,95.90479756673177,126.9227071126302,111.01461507161459
122703.jpg,96.55752624511719,100.22623657226562,98.36994649251302
122704.jpg,117.91308816274007,116.45379575093587,117.13668823242188
122705.jpg,114.25134881337483,111.76740105946858,113.06294981638591
122706.jpg,130.0196112850809,127.92519090720774,128.80074509970083
122707.jpg,113.16683766598872,126.87415979979123,118.61882031653538
122708.jpg,115.64839108784993,127.6293404897054,123.33312511444092
122709.jpg,119.45029226938884,126.76031748453777,123.59512869517009
122800.jpg,78.02425797780354,73.41972541809082,75.15777746836345
122801.jpg,79.65186436971028,75.58002281188965,76.95786507924397
122900.jpg,124.58474858601888,123.09873835245769,126.97080326080322
122901.jpg,123.97978560129802,123.34858322143555,126.59889284769694
123000.jpg,145.47342205047607,127.90874067942302,130.78037071228027
123001.jpg,143.00314458211264,125.8774003982544,128.8627789815267
123002.jpg,140.43245855967203,123.454345703125,127.76644802093506
123003.jpg,139.3621451059977,122.64200369517009,126.99139308929443
123100.jpg,158.9477809270223,97.91496340433757,127.308243115743
123101.jpg,101.03159364064534,70.04984792073567,86.13708432515462
123200.jpg,138.92799472808838,87.4063040415446,105.93320337931316
123201.jpg,128.5711291631063,71.86908721923828,103.73250993092854
123202.jpg,149.55230490366617,98.37415790557861,124.83112462361653
123203.jpg,156.61502393086752,97.7722864151001,127.79696623484294
123204.jpg,154.5759598414103,70.57815678914388,114.96548970540364
123205.jpg,157.61486784617105,95.7356964747111,129.85560194651285
123300.jpg,169.33581988016763,105.00887457529704,142.5326156616211
123301.jpg,149.6139294306437,83.94600772857666,121.50949033101399
123400.jpg,135.48128382364908,126.9147990544637,136.86634635925293
123401.jpg,133.0390888849894,126.95044549306233,136.9982484181722
123402.jpg,113.97969595591228,117.80848789215088,126.98109849294026
123403.jpg,110.42552916208903,111.88252639770508,118.88286717732747
123404.jpg,154.51638666788736,153.00690587361655,159.66631889343262
123500.jpg,97.62696838378906,106.99069803873698,101.5957871500651
123501.jpg,105.38261108398437,122.05268534342449,114.93218709309896
123600.jpg,112.06768920898438,136.98844177246093,122.91512715657552
123601.jpg,111.11953816731771,138.7105263264974,123.71126057942708
123602.jpg,104.4959580485026,131.84740458170572,116.92215922037761
123700.jpg,99.86090759277344,150.56586710611978,123.70770650227864
123701.jpg,90.0602392578125,142.79017639160156,115.29681030273437
123800.jpg,105.19647338867188,137.46244405110676,118.91394795735677
123801.jpg,121.56492757161459,159.186513671875,138.42098978678385
123900.jpg,104.39336608886718,140.65484334309895,120.45069580078125
123901.jpg,95.39963887532552,136.23873026529947,113.80544535319011
124000.jpg,119.16653605143229,143.62625122070312,129.44611287434896
124001.jpg,98.26368306477865,139.3015907796224,117.029765625
124002.jpg,102.37732788085937,154.80475341796875,127.4611973063151
124003.jpg,93.45915161132812,137.3213584391276,115.93937825520834
124100.jpg,115.86239095052083,141.58122863769532,127.30306844075521
124101.jpg,117.0885087076823,144.86872701009113,128.80306416829427
124200.jpg,119.52390909830729,137.47937967936198,127.89108317057291
124201.jpg,109.8960048421224,129.42795593261718,118.54946268717448
124202.jpg,111.40018615722656,132.25536682128907,120.84369364420573
124300.jpg,112.00093627929688,115.8956378173828,113.07449666341145
124301.jpg,123.2297782389323,127.79011901855469,125.6803965250651
124302.jpg,128.76229614257812,139.1298622639974,134.30673909505208
124400.jpg,124.61667552083334,113.3596171875,117.777815625
124401.jpg,130.4800375,117.7388796875,121.31288333333333
124402.jpg,128.70071770833334,122.43631770833333,124.49986197916667
124500.jpg,168.89136302083332,118.88351927083333,146.89922291666667
124501.jpg,113.84760572916667,11.745709375,59.0274109375
124600.jpg,136.11546041666668,126.97211041666667,138.84571197916668
124601.jpg,136.38516354166666,145.4578,142.5157515625
124700.jpg,148.15239479166667,94.75019010416666,117.51778697916667
124701.jpg,190.10819791666665,104.8515421875,133.59142291666666
124800.jpg,136.29306875,181.23804895833334,159.1085296875
124801.jpg,132.0343984375,182.73805677083334,156.91177604166666
124802.jpg,126.5869890625,171.6038671875,150.16471666666666
124900.jpg,62.457144791666664,51.177222916666665,56.34259375
124901.jpg,138.13290677083333,107.61970520833333,125.10040625
125000.jpg,162.28751041666666,139.75191614583332,169.85625416666667
125001.jpg,65.13097291666666,46.5498953125,76.12793541666667
125100.jpg,62.95859010416667,29.169072395833332,41.15976510416667
125101.jpg,61.08040885416667,28.503728125,39.63393697916667
125102.jpg,90.53780260416667,38.20700729166666,57.76335
125200.jpg,72.62295208333333,35.15797552083333,50.757975520833334
125201.jpg,66.3342265625,43.582936458333336,54.441583854166666
125202.jpg,90.46545625,60.34584739583333,75.47295729166666
125203.jpg,89.41162552083334,60.893258333333335,74.7666625
125300.jpg,81.9263931910197,65.16786607106526,75.87853336334229
125301.jpg,75.60911814371745,63.95775572458903,78.57163778940837
125400.jpg,108.26988665262859,95.78749497731526,109.5560474395752
125401.jpg,96.31608708699544,95.33972708384196,98.5153226852417
125500.jpg,109.59122721354167,134.39442698160806,131.35322062174478
125501.jpg,115.11432107289632,145.1228551864624,134.96885712941489
125600.jpg,119.34363428751628,121.50028419494629,125.35265890757243
125601.jpg,87.78101380666097,89.69553025563557,93.47513612111409
125700.jpg,16.339171091715496,8.437034289042154,11.514689445495605
125701.jpg,13.525026639302572,6.405667940775554,9.74766476949056
125702.jpg,12.817915598551432,6.393860499064128,9.426273663838705
125703.jpg,13.858794212341309,7.653200149536133,9.856988906860352
125800.jpg,5.450290679931641,5.184017817179362,5.598056157430013
125801.jpg,5.893282254536946,5.861262321472168,6.490291277567546
125802.jpg,4.943580945332845,4.918425877888997,5.177213033040364
125900.jpg,130.66834576924643,147.7749163309733,138.24835364023843
125901.jpg,137.17883205413818,146.20218181610107,141.51686509450278
126000.jpg,130.74274444580078,144.98511695861816,146.00668811798096
126001.jpg,134.11912568410239,128.65546003977457,149.67976347605386
126002.jpg,147.18242677052817,135.74614143371582,161.67794036865234
126100.jpg,56.91654618581136,48.47293631235758,55.362717628479004
126101.jpg,107.85561339060466,95.48544470469157,103.65953890482585
126102.jpg,150.49393113454184,137.32166258494058,144.93060239156088
126200.jpg,185.7673667271932,205.1276273727417,195.46173318227133
126201.jpg,182.84123357137045,201.06706555684408,191.61464246114096
126202.jpg,68.50239721934001,78.05055745442708,74.17552057902019
126300.jpg,160.20467599232992,164.66738859812418,184.48331864674887
126301.jpg,106.19886334737141,140.46877988179526,125.59659131368001
126400.jpg,94.62317752838135,78.63210900624593,87.05935827891032
126401.jpg,108.42045402526855,71.15083599090576,91.95733642578125
126402.jpg,106.83222007751465,69.23721599578857,90.30608208974202
126500.jpg,87.18109639485677,71.38892936706543,80.23753484090169
126501.jpg,95.28337637583415,80.7863089243571,88.29274082183838
126502.jpg,105.94212055206299,74.10951296488444,91.30958557128906
126600.jpg,93.96485805511475,109.28982893625896,104.2484000523885
126601.jpg,117.58163420359294,126.53193664550781,129.20962778727213
126700.jpg,109.97769069671631,110.57418060302734,111.35931619008382
126701.jpg,85.42767969767253,87.58106644948323,86.03702513376872
126702.jpg,74.2088549931844,77.15246677398682,74.29188982645671
126703.jpg,62.77244186401367,53.69315528869629,57.135008811950684
126704.jpg,107.12785657246907,88.67992687225342,97.60618623097737
126705.jpg,111.11465549468994,88.81087589263916,99.16400909423828
126800.jpg,105.6722370783488,98.13084856669109,102.81508509318034
126801.jpg,95.57489236195882,60.34566783905029,80.2780933380127
126802.jpg,99.46285851796468,75.77218437194824,88.29114850362141
126803.jpg,68.4053856531779,55.041040102640785,61.61046282450358
126804.jpg,78.15668296813965,43.789631843566895,60.576744079589844
126805.jpg,101.20402145385742,83.03299903869629,92.87881596883138
126806.jpg,106.51885064442952,81.2212438583374,94.50519593556722
126807.jpg,109.886292775472,101.57026640574138,106.56703917185466
126808.jpg,122.30641587575276,103.16104380289714,112.91698201497395
126900.jpg,100.38180033365886,95.05333042144775,97.09507115681966
126901.jpg,106.97218799591064,98.33486938476562,102.54460144042969
126902.jpg,100.5754934946696,108.43389511108398,103.48946348826091
127000.jpg,116.47375043233235,45.039533615112305,62.17201805114746
127001.jpg,59.3711306254069,20.249408721923828,32.06256071726481
127100.jpg,67.96368598937988,98.68970012664795,84.4043067296346
127101.jpg,63.798919995625816,95.13848336537679,79.05051930745442
127200.jpg,19.17780049641927,34.70039653778076,25.37948513031006
127201.jpg,21.721818606058758,37.12897523244222,28.427430152893066
127202.jpg,27.66851266225179,38.04164059956869,32.478328704833984
127300.jpg,88.53473536173503,109.5241756439209,99.1523593266805
127301.jpg,128.88481775919595,124.2014347712199,129.04779942830405
127400.jpg,2.911569595336914,2.596115748087565,2.764584541320801
127401.jpg,3.1462621688842773,2.800525665283203,2.9814586639404297
127402.jpg,1.9161570866902669,1.7189502716064453,1.8216066360473633
127403.jpg,2.2990554173787436,1.9988644917805989,2.176918347676595
127500.jpg,66.86352062225342,68.39139175415039,68.08579031626384
127501.jpg,63.55594412485758,60.61263783772787,62.67960675557455
127502.jpg,85.64490509033203,60.42720286051432,75.08099842071533
127503.jpg,85.49743398030598,61.4242213567098,75.83116881052653
127600.jpg,87.45636399586995,74.00663057963054,81.80359109242757
127601.jpg,78.12076155344646,69.0592393875122,74.15515804290771
127602.jpg,78.9905236562093,69.17639923095703,74.9332103729248
127700.jpg,92.59793853759766,119.27188110351562,106.05378532409668
127701.jpg,93.6901143391927,120.3627462387085,106.90951410929362
127800.jpg,55.983263651529946,105.75857988993327,75.63761742909749
127801.jpg,78.38528315226237,122.74088827768962,97.3750581741333
127802.jpg,69.00062084197998,103.35054747263591,83.82753531138103
127900.jpg,93.16909567515056,106.15994993845622,100.7964407602946
127901.jpg,99.97677866617839,108.82162920633952,105.65117486317952
128000.jpg,130.054434375,132.0273734375,153.59978125
128001.jpg,124.35970625,123.57267760416667,150.61387760416667
128002.jpg,128.81376458333332,126.21026770833333,151.77309635416665
128100.jpg,133.05203541666666,112.508315625,136.7803046875
128101.jpg,132.97115677083335,115.7940703125,132.20514635416666
128200.jpg,147.9975296875,118.70408541666667,138.41426197916667
128201.jpg,143.0625859375,125.7716234375,136.4889578125
128300.jpg,3.6158014933268228,3.335758845011393,3.3227357864379883
128301.jpg,2.9592062632242837,2.6655495961507163,2.7209962209065757
128400.jpg,128.52343020833334,143.7113390625,145.13840416666667
128401.jpg,139.792915625,150.57084739583334,149.01005729166667
128500.jpg,135.53771145833332,127.39070520833333,139.0657671875
128501.jpg,132.57189010416667,125.97732447916667,132.07820416666667
128502.jpg,116.23999427083334,109.2767078125,123.31939427083333
128600.jpg,81.29864821420885,19.123213670798897,44.831643348883006
128601.jpg,79.00212513316761,18.10493456627712,43.11206508668001
128700.jpg,150.40281614583333,137.18295572916668,153.91286614583333
128701.jpg,146.34430833333334,130.04258645833335,148.71304635416666
128800.jpg,160.66025,142.93847447916667,150.93240833333334
128801.jpg,152.15659791666667,139.92943229166667,145.17304270833333
128900.jpg,139.82518229166666,133.253240625,139.2957890625
128901.jpg,131.62078802083334,123.73502395833333,132.5006625
129000.jpg,127.96372395833333,117.1464390625,128.76145885416668
129001.jpg,146.43190208333334,119.06197760416667,152.61516979166666
129002.jpg,128.93640520833333,112.66178072916667,129.90578541666667
129003.jpg,104.77755052083333,99.0284328125,103.29989791666667
129100.jpg,130.0828109375,159.26552447916666,147.1872828125
129101.jpg,137.190078125,162.5006703125,151.67548541666667
129200.jpg,146.973971875,156.12930677083332,152.10552239583333
129201.jpg,155.6158875,166.1979765625,160.94610260416667
129202.jpg,139.33071770833334,152.016021875,147.06788020833332
129300.jpg,113.09032552083333,112.89025716145834,115.55678059895833
129301.jpg,106.93626302083334,109.22976236979167,112.58111979166667
129400.jpg,136.27157552083332,132.03521484375,135.51296223958335
129401.jpg,122.64982747395834,117.79740559895833,120.65555013020834
129500.jpg,143.13446197916667,138.82634322916667,145.40286354166668
129501.jpg,141.79078802083333,135.59927239583334,143.81910520833333
129600.jpg,142.245290625,125.3100625,133.91772239583332
129601.jpg,152.49899270833333,136.2855046875,142.86769895833334
129602.jpg,170.66369635416666,154.55316875,159.70288125
129700.jpg,121.06042345956008,66.11423057366994,100.02862733783144
129701.jpg,134.64360479349605,75.98720380294421,111.28764608083678
129800.jpg,123.20845885416666,109.78938802083333,121.0597296875
129801.jpg,159.52030208333332,144.48238125,155.89466822916665
129802.jpg,120.617984375,104.33489583333333,117.91791458333333
129900.jpg,185.05812864583334,173.2836921875,177.94272864583334
129901.jpg,171.2832453125,163.35162916666667,164.97288385416667
opencv_concat_tile_resize.jpg,122.16028301814357,122.86385260943342,139.55205813926705
