003_0043.jpg,0.7321880764641043,2.1695117409062443,3.2971149448946533,4.620302970806879,8.589630514533733,5.716083650234347,-9.239643402459158
003_0046.jpg,0.743203467575073,2.294023953052349,3.59887463499635,5.191862010476615,-9.73191576974561,-6.342675764101242,-9.743735721009141
003_0063.jpg,0.7694866663291606,2.513528226245164,4.506395605193341,6.453372128884207,-11.97885932496785,-7.710761552544102,12.294537640955161
003_0067.jpg,0.7487063511561068,2.285798039151304,3.474689153875458,4.751080280220587,8.891671819967511,5.915829649407841,9.324754921877117
003_0069.jpg,0.7264628733115052,2.203673542135497,2.9545333759166934,3.900004897884882,7.35214872156348,5.052168928260689,7.810091011514309
003_0072.jpg,0.6980247915064302,1.881701667799364,3.526904989472424,4.644844942671389,8.875023576888124,5.766210029007212,-8.887629151556983
003_0082.jpg,0.768388742274429,2.730209345764926,3.30571583493238,4.998792051097546,9.152763135413505,6.365520571028897,-10.202878139764826
003_0084.jpg,0.7684251575481013,2.59241373116356,3.7122624399462176,5.891631347382426,10.761192934253948,7.232801479962871,-10.97986567592144
003_0085.jpg,0.7829915469016803,2.888389148730038,4.1000869797849,6.2002174160298535,11.366437576788066,7.664869903893293,11.923750805946698
003_0086.jpg,0.7808292439210992,2.838928783640104,4.233281011162743,6.36685329083413,11.701409582159439,7.902623658129855,12.08347278921659
003_0092.jpg,0.7755933424631171,2.9547033108026217,3.5998864655547176,6.323951540932376,11.291850427287667,7.804557829963553,12.068884434603923
003_0100.jpg,0.7435744650751768,2.212596190059697,3.4471545432155293,4.669698195202253,8.757036018540802,5.814133259345904,9.180262116337737
003_0111.jpg,0.7744621031324891,2.6937583609666507,3.836644398182107,5.541384789444199,10.401978995689943,7.020865351238441,-10.361713683679618
003_0120.jpg,0.7679682694599764,2.7713279752510087,3.3486387755591362,5.2185381415459355,-9.507201010528672,-6.6717544928352615,10.320343226728715
003_0121.jpg,0.746009176823637,2.318878552904805,3.9602936249169485,6.928715363384679,12.402775228918195,8.809972255945032,12.82088890361555
003_0128.jpg,0.7594087450961731,2.422967516856283,3.920537932670514,5.64357411394059,10.466222211909276,6.8827041997014256,10.809766632771206
003_0129.jpg,0.7731342997992129,2.6999018710020954,4.140466499544936,5.297842402043578,10.134311545400422,7.0325643318322895,10.206720724397638
003_0138.jpg,0.7682716966043213,2.699576068713587,4.0471531612539655,6.2539335019398425,11.666114166751324,7.620151061212549,-11.481843028497956
003_0141.jpg,0.7735310546276974,2.7041364285796483,3.5845708883126393,5.351770652344337,-9.996820132559305,-6.954134425996927,-9.946949764129075
003_0143.jpg,0.7806863575294698,2.891914832286635,3.924421092913406,5.859835470039352,-10.829703280197526,-7.686706728749724,-11.012731331258644
003_0146.jpg,0.7534441492093097,2.3445457099151215,3.5193600106453036,4.937071535420415,9.1690120271091,6.1126758299507795,10.049977426436776
003_0150.jpg,0.7447717632250745,2.2828434976406933,3.5855059235715503,4.952547041393697,9.61989617292992,6.43801768443773,9.25936107334791
004_0001.jpg,0.7781512503836439,0,0,0,0,0,0,0,33.48658175749975,32.08864174882771,-64.87625350199144,0,0,0,0,0,0,0,0,0,0,0,0,0,0
004_0003.jpg,0.7781512503836439,0,0,0,0,0,0,0,33.48658175749975,32.08864174882771,-64.87625350199144,0,0,0,0,0,0,0,0,0,0,0,0,0,0
004_0005.jpg,0.1591348101288043,1.153021021886883,0.6353505012836025,1.2789764299058624,2.259103409868751,1.9019071381871528,-2.735378459170798
004_0009.jpg,-0.11215754570883352,-0.21541701514986217,0.5867006438560057,0.60765276035185,1.2048295307543795,0.4999941171694862,-4.456000748574889
004_0015.jpg,-0.0360400006973488,-0.06050516074278695,0.8071865776961249,0.8272798864816737,1.644513121741095,0.7970285784277403,5.5623248967776115
004_0017.jpg,0.7732449639339553,3.197388391604146,32.11268468526491,32.11268468526491,-64.44721812014618,33.93322763068334,-64.32227938353788
004_0019.jpg,-0.34814706433062514,-0.6915886891720062,-0.0006088012623765934,0.017995314634884206,0.026689412420049373,-0.3273654420694944,2.7326426142453455
004_0020.jpg,-0.11814521277103578,-0.22722619846059516,0.6031411627204898,0.621624536030473,1.234007419156188,0.50803563985993,4.638246168037833
004_0021.jpg,0.08244667567880465,0.18399673703614383,1.448855739341773,1.4910972532425495,2.9610741127729154,1.5831780407156317,-5.849355328493998
004_0031.jpg,0.7790307780250365,5.711813472615836,6.880303428743603,8.026480919330373,15.479878435615646,-10.882524125691587,17.784390888085877
004_0033.jpg,-0.04708125790596586,-0.08205739678377517,0.7124944252611627,0.7380111750267213,1.4632641353379447,0.6970402152551243,4.529354310927624
004_0038.jpg,-0.10927668171183988,-0.20913819477744736,0.5798977269873381,0.5998618986625909,1.1897417119215936,0.4952928018089823,-5.539354910513275
004_0051.jpg,0.7781512503836437,0,0,0,0,0,0,0,32.351944169863366,32.351944169863366,-64.70388833972673,0,0,0,0,0,0,0,0,0,0,0,0,0,0
004_0061.jpg,0.10087789171663347,0.23027811986121735,1.589587210876599,1.5892221563481277,3.178670711078298,1.7063044346135325,5.0259365829290195
004_0086.jpg,-0.10395237484447425,-0.19771413982917652,0.39322975868600535,0.4158539752334043,0.8203958422373623,0.31699690578772055,-5.665801062225678
004_0094.jpg,0.11840631679143372,0.26365231716944837,0.8996431632115776,0.9474847406289417,1.871048743339859,1.0793164821207581,5.186533957336534
004_0098.jpg,-0.1368261889946974,-0.26541247980149146,0.9254942587668598,0.9378325139819943,1.8694959149835926,0.805127365334552,-5.455292890835901
004_0100.jpg,-0.07732173506508024,-0.14505357644612624,1.0335455611846371,1.059941922879271,2.106686740657853,0.9878274275768989,4.759208363886554
010_0001.jpg,0.7652620336118309,2.5680686630743432,3.884242447056066,5.674398725024201,11.031720178961368,7.83618019296853,10.469436503670835
010_0004.jpg,0.7559968425428605,2.7116161374364895,3.991869124291859,5.080283259895803,-10.625024439733632,6.45103240434845,9.618456069801372
010_0005.jpg,0.7550808090022879,2.4731467247189896,3.679893684604824,5.354811309416598,10.491152272973368,7.022076604296479,-9.885095177749339
010_0008.jpg,0.28523060772602704,1.6387732549987546,2.7214526580808984,1.9474869953188345,-4.37473194223563,2.7710681681349407,4.5113567101643035
010_0011.jpg,0.7783897772956977,8.33478572562465,7.797248041073838,9.509951957900343,-18.16392979467962,-13.792811343329259,19.543465596377654
010_0012.jpg,0.6759384856657028,2.449103329185551,3.5421416179873084,4.260706577663944,8.81958196508943,5.60810595771464,8.172909870841565
010_0019.jpg,0.7553202835125554,2.6198239051392433,3.098117138528554,4.722941619439481,8.866461289822713,6.309920922123777,-8.724356313347911
010_0020.jpg,0.7008591128854301,2.298628186268936,2.9840776756374896,3.7136901208277164,7.400954256747157,-5.565954331248821,7.113896275444999
010_0021.jpg,0.7124018222558249,2.4534288415465917,3.014497372160544,4.641318039310379,8.75833795143791,5.874700445310278,8.535817633055771
010_0022.jpg,0.7825336764395636,3.3550012818079367,3.5328859169750313,5.6122782974210335,-10.394885384399744,-8.114023886876803,-10.288715582616984
010_0023.jpg,0.6386832854370211,2.5172777554671693,3.1339159253975484,3.5782568476878756,6.9494342476037145,-5.345533621437947,7.520862999537841
010_0027.jpg,0.7721320352549192,4.170064490763962,3.6928091032654575,5.362840836705572,-9.937970202355903,-8.191241754687466,10.244815207068982
010_0030.jpg,0.7669285958958579,2.955546268104483,3.3657954228584424,5.1925451442660355,-9.643337857768325,-6.823995926294352,9.602994164105187
010_0031.jpg,0.745245272255403,2.7528206797097536,3.33570333453961,10.789267128466271,-20.12969977794765,12.169632615664069,17.85175839758562
010_0032.jpg,0.6513767790815761,1.9943316970797214,3.250118232594027,3.6910262232491258,-7.407887723292541,-5.029325829543961,-7.2458805225167096
010_0033.jpg,0.7628125824106151,2.670879950466131,3.2618264259495096,5.014758488362379,-9.153908985662264,-6.350983607477956,10.355103178608134
010_0039.jpg,0.590827257479579,1.5915673960938737,2.8908436155468906,2.8584270110847134,5.7332252249439755,3.6547541952890708,-7.2955596608076725
010_0040.jpg,0.5033791482869835,1.5966393180001268,2.785694598178621,2.8283758491559152,-5.780716057222341,-3.655913332664206,-5.7912641673289285
010_0044.jpg,0.7745035222128349,3.029455144133426,3.37369073135807,5.402454192985642,-11.432215948326979,7.752232163448432,-9.790639761987618
012_0001.jpg,0.6191625083701161,2.126111197325614,2.441091124422351,3.3751554984623913,-6.2841508100293675,-4.439030135499112,-7.481833548385637
012_0003.jpg,0.6794650723286731,3.2828672584920593,3.669498391246452,4.197478071091861,-8.13760641970536,-5.872664767557943,8.891567178143086
012_0004.jpg,0.6931035480851957,2.093976901303881,2.8177280395924047,3.7180742737235253,7.758484237561683,5.623788565242497,6.9922560454737255
012_0005.jpg,0.6687897971781992,3.117761402430883,2.8519039275084928,3.5782848874157733,-6.797019151252106,-5.138128011074804,7.68303171519057
012_0006.jpg,0.7172725975696799,2.1351541703600363,3.2292552217423,5.163663164994788,-9.582782126325744,-6.431688102535808,9.456577501167187
012_0011.jpg,0.6500689410838881,2.3924141645910293,2.7145814317552865,3.760887530151884,7.399159841386575,5.250240776722179,7.035991049279053
012_0016.jpg,0.6480246151771657,2.3819257720765643,2.6196280532004264,3.3856261814873534,7.129794169361288,4.8069257618411845,-6.395512886213923
012_0021.jpg,0.6996199618951029,2.285890112001369,2.7266491551662795,3.8414093712960904,-7.126097814542797,-4.985118469164625,8.384643282824316
012_0032.jpg,0.7293531312443068,2.1732700664227553,3.5946533719083535,5.444887006678435,10.645109464735325,7.856286681133046,9.974328503453483
012_0038.jpg,0.6836009006200968,2.3259162503851685,2.90876412227324,3.6771965640602122,7.407832181821734,4.93842466602835,7.001231691119335
012_0041.jpg,0.6960215667286168,2.0897168417885137,3.5793694917879653,4.470402416716081,8.70334640451228,5.518450475805907,-8.600358715825855
012_0043.jpg,0.6556340938915226,2.518023916142634,2.830291399547885,4.119929234483427,-8.117134849885367,5.416116318421792,-7.615596492920005
012_0045.jpg,0.5924466306361533,1.7152250469304435,3.206695054739138,3.513035991941466,7.034208889106901,4.409074143311502,7.013135224845795
012_0046.jpg,0.6818006239343616,2.432560666820704,2.868038915660927,3.796073377302653,7.4245790646349565,5.014046176543092,-7.1921474358335375
012_0047.jpg,0.6380458677686766,2.980335892886094,2.6588814475472837,3.535706129115328,-6.633184637992625,-5.066611432768787,8.168211827198201
012_0048.jpg,0.6497774929414809,2.096219382933732,3.1993254645589424,4.037469003242777,8.067884594249898,5.086057652992764,-7.691145484484527
012_0050.jpg,0.6964472620586514,2.6714053678064626,2.9514617336807594,3.824727002188314,-7.24758418529749,-5.23966307760342,7.627790634785867
012_0065.jpg,0.7783784441422609,3.0346673859319826,3.604891404111561,5.833210445292054,10.5630724516248,7.360685917783682,11.209087068722797
012_0072.jpg,0.6918431391301383,2.1174385078331377,2.8138752434428045,3.734303240110185,7.365220584084336,5.047703793992704,7.055049867177451
014_0001.jpg,0.5243464398580748,1.2118404841412889,3.823179918353645,4.0492400456266475,7.986520732126594,4.6832214183658225,-9.139527501752587
014_0002.jpg,0.64028666645534,1.8198149524304914,3.0345890502872845,3.9517791066913,-7.485558644608018,-5.387863544276146,-7.82908321435266
014_0004.jpg,0.08332537966885405,0.36828535909424387,1.1448986897275442,1.001379879230361,2.0757670950699234,1.185529984566764,3.1954246390311463
014_0005.jpg,0.18262895549630606,1.0164880633498752,0.5766469469326322,0.6097639083736728,1.2031563988608387,1.118400639792026,-2.7354462637239734
014_0008.jpg,0.529194560790661,1.463424040329296,2.7208443563871234,3.5367203419780546,-6.666618191304336,-4.270364435705232,-7.8107025450026475
014_0009.jpg,0.7160988845933507,2.55293954639146,3.0237646709433275,5.26229443325925,10.17577551127007,6.608250131622402,9.411665268059085
014_0015.jpg,0.6686784060466703,1.7202548544110352,3.3082797708427005,3.9206381858893784,7.5450407658811365,4.795243561724673,-8.209655292496558
014_0017.jpg,0.06518549108042106,0.7076746450532522,1.7886351826269546,1.3752945726505201,3.4807456049695826,1.9157903292815688,-2.9776787728976153
014_0020.jpg,0.5297705667365114,1.7223090987236886,2.6275608902010763,3.3776942325424004,6.918457005436741,4.513493947444871,-6.399348869483251
014_0022.jpg,0.6370539616909255,1.6040167057960895,3.4018190168528273,4.187320480726603,8.259898268271906,5.5764463325132745,8.052609912469169
014_0023.jpg,0.755289789982256,2.4621375657658815,4.623751059290357,6.015815571894506,11.362794360728245,-7.628503278485444,11.800183575382114
014_0024.jpg,0.5271050937181585,1.2477485443197611,3.0327373973311356,3.3219182225711,6.508446760709335,3.997876567280421,-7.190296210841078
014_0029.jpg,0.7975760845038551,4.81733320493733,5.102720254631781,9.506428677136775,17.000684988173205,-12.123783598138369,16.928347950111043
014_0048.jpg,0.4928415041133337,1.2018887815512913,2.341020187331784,2.757543268920845,5.348544983557462,3.545628706413477,5.685556189361537
014_0051.jpg,0.05660039477194441,0.8513232938202681,2.2808295325537595,1.7531952033288651,4.126953500510913,-2.3618749421876064,3.816884657610239
014_0052.jpg,0.6501554301672713,1.6362087454537035,3.9284956216538705,4.294593146544657,8.40851157113945,5.13091763543359,9.387956565890043
014_0072.jpg,0.5127721390162826,1.1638755601864135,3.5413428413725807,3.780778763090274,7.441986453366493,4.364273122854289,-9.02679693800719
014_0073.jpg,0.4702715909033074,1.0522009947307507,4.415668937153189,4.626915170837541,9.149201512747618,5.188170589115554,10.318325256552159
015_0004.jpg,0.6060044145132325,1.8148435659715128,2.605278948476436,2.8571174368090535,5.599309120274543,3.766219830685312,-6.241598533811332
015_0006.jpg,0.45812012843694716,1.119787949400362,2.902178979769985,3.455137129743141,6.646899290545096,4.02999208242344,7.249987747323115
015_0009.jpg,0.6881497363139292,2.5727635151618986,3.6779445576108936,3.7480623561948603,7.46201694475786,5.034514476545395,-8.640798044067
015_0026.jpg,0.6442678095953536,2.268524163546954,4.204322692103944,3.4393650339777926,7.428240820556749,4.575429201581146,-7.396374980674704
015_0031.jpg,0.5771479353587394,1.9791433551855875,2.7742483523828803,3.4861498869469614,-8.473832225988978,4.491776752252132,6.616390869553225
015_0033.jpg,0.6754871178475886,2.0543976567132236,3.4922681367097503,3.689477636780049,7.295680658892214,4.759259710777363,-7.863574661227609
015_0034.jpg,0.6401423453243512,2.2793207230479307,3.308519637108376,3.37931829939156,6.752913147307546,-5.097739835186531,-7.170081608431812
015_0035.jpg,0.6353065274765906,2.855389768267384,2.7496454229357217,3.985955343776713,-7.370541162652746,-5.417034015780146,7.918005235430563
015_0052.jpg,0.7229312028881835,2.367602369475531,4.286191363133785,5.875194182781575,11.449998243398896,7.275277421616845,-10.979429969965613
015_0053.jpg,0.6537487997919705,1.9863615371175947,3.5281280167140845,3.763661386201173,7.473545007892238,4.840201467896776,7.706090205501955
015_0054.jpg,0.7752982255598485,3.427149694906003,3.636789591634205,7.1477542568566745,-12.5458465586809,-9.284034698336976,-13.328831447868627
015_0063.jpg,0.607528000947047,1.7704465887399827,2.903986875126612,3.3077412363415535,6.4284865645842695,4.246516616523874,-7.00306056026597
015_0064.jpg,0.7122391168401454,2.506277730231659,2.6432798883538693,4.578791425170422,-8.2011377045386,-6.0541303132405435,-8.837091748190133
015_0065.jpg,0.6151165943723972,1.9521174570815258,2.8065300274313474,3.9348795209880656,7.306839413392198,4.91304078115949,8.425246397219686
015_0070.jpg,0.6583084102985758,2.2510942783348558,2.887936792805043,4.613194481932827,8.382665492698349,-6.216308525251075,-8.903228757241218
015_0071.jpg,0.7083252530236852,2.3516716063437175,4.496744799233968,4.282754393045219,8.682006785218457,6.394094353006536,-9.356689513870682
015_0085.jpg,0.6052454292782922,2.009664144708859,2.3754728618264913,4.8329993508264755,8.530068010510222,5.856853303212291,-8.6665276375482
015_0090.jpg,0.5814220998169221,2.1124230659254843,2.2627306904899576,4.191709462514671,-7.666658465312511,5.399225011757824,-7.502532210674394
015_0094.jpg,0.6153302137364225,1.7211607105668332,3.4505638022334004,3.926933412934368,7.675607302385265,-5.7865946683498946,-7.924528157159164
015_0098.jpg,0.5500116858588949,1.926719448799175,2.805021355488113,4.694865582360009,8.44493431890418,-5.865837692595488,10.064329426613739
015_0101.jpg,0.6273557377806747,1.8292305256847532,3.1879083538944792,3.941235893627339,-8.393087407635798,-4.986812347886568,7.509488209837764
015_0102.jpg,0.7225040075910006,2.992205714388635,3.0978830145396183,4.512887051752776,-8.331618682708287,6.046833954872289,-8.930603075672572
015_0112.jpg,0.6973153365557527,2.749894537960029,2.7172179847924967,4.334437341456504,-7.875222279693672,6.862646553294133,8.448651632871677
015_0113.jpg,0.7087732889893257,2.5235445185646994,3.562053584760199,3.946282113899383,7.832933646250956,5.229055831892355,7.870630251548939
018_0003.jpg,0.4613245338461591,1.3311278091449243,1.6469463984894628,2.6791435469619955,5.142101876695014,3.4686506215142807,-4.905031380556129
018_0030.jpg,0.5192814969766062,1.2453366866830364,2.31388749406494,2.379647727478793,4.726426882699603,3.0028638244292676,6.863611664574854
018_0034.jpg,0.494003453522103,1.1405092145797753,2.3148204114424025,2.563417043140667,5.002559536438144,3.1338408385843515,-6.982946710451854
018_0040.jpg,0.4556604563714405,1.5543032516542217,2.2243427176105057,2.2366683411700294,4.498633222821803,3.0168533184931614,-4.902215945571156
018_0043.jpg,-0.05399250607349325,0.14451076914096708,3.5533745939674675,1.2546059873400763,4.753421490220603,1.3391089052866076,-3.6600039803355204
018_0052.jpg,0.4386248224731792,1.0037254545890417,2.1544628923935947,2.405721273355469,4.685847688128907,2.907595133477568,6.5863587672627535
018_0072.jpg,-0.22897391074082885,-0.1801579762247251,0.599992670465626,0.7490395087013537,1.4290265282135821,0.6595351033206012,2.2256319016598343
018_0083.jpg,0.5362243323095954,1.2918181161029347,2.203484898106978,2.5362948765670374,4.908678652781596,3.1883566482522614,-5.877369123593318
018_0085.jpg,0.49770644467796843,1.1879235902219787,2.0552453295490336,2.3723435969555813,4.5886091038921455,2.9740951600495706,5.559309356661903
018_0088.jpg,0.42105452449209874,0.9391427199129628,2.293279396245121,2.4495890052813665,4.821023215712476,2.9191603803377113,-8.49673505708087
018_0093.jpg,0.6703953762669811,1.7957990007683606,2.8081755365830787,3.1441117784249633,6.120399716501271,4.042673302989778,7.7091008019031575
021_0003.jpg,0.5259768838732627,2.2438105193141493,2.932990375899194,2.3802401749871063,5.050445908364376,-3.523303213735586,5.645375352321273
021_0014.jpg,0.7881827957076356,3.6393269918572217,4.476108496165286,7.070717559921022,12.848589872153944,9.34684982561328,13.690100996884588
021_0017.jpg,0.18981221894313716,2.154129811698088,3.1963092605123027,1.9901609205950668,4.647552944348339,-3.0845912099476256,4.879440603204798
021_0023.jpg,0.752752336553216,2.3644581017551434,4.2931645972346155,6.21076011893015,-11.503688237541418,-7.7313400239791275,11.845050084290795
021_0025.jpg,0.4727352458942483,1.3241835676149738,2.3461783915301186,2.424523973218899,4.811140778090999,3.142269231519676,-5.927732724202928
021_0031.jpg,0.7873548234194536,4.2899279660824385,4.408460638165163,6.556032212773465,-12.304580751598355,8.961327378786134,-12.113678465998525
021_0034.jpg,0.7860504859848066,3.9933939958616116,5.37323273898072,7.22043625809768,13.604045627876108,-9.531584001297398,-13.758395430207216
021_0039.jpg,0.7655172525313695,2.504988714006958,5.2610503032562255,7.7904791718703255,16.01434470208825,-9.048919639132635,-14.316331134227552
021_0047.jpg,0.19125519787319054,1.6509800319171437,1.0727223993292958,0.983811576457428,2.040435623488779,1.8494162886800103,-2.468149382439792
021_0048.jpg,0.3609436647154386,1.9454125766059425,2.269893250114863,2.0165236265067463,4.444868753373348,-2.996363974136119,-4.227768655760793
021_0049.jpg,0.7793055587683017,3.0146461310908683,4.798236017753776,7.34557213926726,-13.41787040434372,-9.123761056782186,-14.788199529443288
021_0050.jpg,0.5833534378560951,2.0576825555832237,3.7412305701775512,3.0655111110136204,6.638269213666634,-4.100917429772695,6.602034527163842
021_0103.jpg,0.7873532787048566,3.6373066856395297,4.278447277287198,7.8909558860193565,-14.156917149317822,9.89214195192669,14.099245766033034
021_0104.jpg,0.7685922419190011,3.3189848265310724,3.9888418099181613,5.207085843118929,-10.647416957334348,-6.872010514428383,-9.809584348406187
021_0111.jpg,0.7836181793664648,3.390016917364561,4.626550770500052,7.110268792820221,13.616652141733192,-8.805289812041332,12.990497346323007
021_0118.jpg,0.7817841482165988,3.504701835103078,4.890139595981353,8.279698422795565,15.210495716569113,-10.106468411353227,14.913983556798524
021_0119.jpg,0.778425014949662,3.3813608084040143,4.892002583767723,6.086205661265151,-11.58185758179801,-7.7977278048920375,12.33890497697189
021_0120.jpg,0.77740892239088,3.226533705931379,4.129741732477418,7.509590660321983,-13.541569378750616,9.282898379316402,13.43172095453825
021_0123.jpg,0.7840628053668438,3.3864818195878184,4.5891196894990935,6.850432391674139,12.736527860529456,8.810010304371744,12.705991650641874
021_0130 - Copie.jpg,0.09015044701950828,1.6031435732125756,1.2413676639539832,1.3010569853787795,2.6469008769851308,2.110787187630836,2.840433262947815
021_0130.jpg,0.09015044701950828,1.6031435732125756,1.2413676639539832,1.3010569853787795,2.6469008769851308,2.110787187630836,2.840433262947815
022_0007.jpg,0.7607256157156573,2.634326052221608,0,0,0,0,0,0,0,0,0,0,0,0,0,0,0,0,0,0,0,0,0,0,0,0,0,0,0,0,0,0,0,0,0,0,0
022_0009.jpg,0.7620848929350343,2.6592218042730886,6.710178190008071,8.48566829908403,-16.818750488786396,-10.359468250273673,-16.091071427203893
022_0012.jpg,0.6707791940122535,2.293894718054567,2.251377201631366,3.622113505444999,6.558908040622669,4.769358907577444,8.381359106151082
022_0013.jpg,0.6236548747774797,2.774584515883336,2.820503461897539,3.537025325805056,7.380409826901204,-5.017965355757049,-6.726210327123842
022_0021.jpg,0.6913303993555863,2.1367669241434033,2.830579993793084,5.295055474261494,9.378137087618203,6.371451523711567,9.882942224650455
022_0022.jpg,0.638699586230426,2.0478292448823683,2.1033638839715945,3.7089152515170363,6.631491834767745,4.749594298863094,-7.183687163041934
022_0024.jpg,0.6880182175088043,1.928354850250876,2.7186524288738894,3.575753292484519,6.723048326031771,4.539984148095115,-8.409077845190794
022_0028.jpg,0.7769518926106492,3.974396322370113,6.5938718567334975,7.838070285024068,15.815472289890208,9.89794010493809,-15.06065574976422
022_0030.jpg,0.6657030529930436,2.4164841745650927,2.240587801298804,4.288947299161147,7.554932509600791,5.566634505527539,-8.679937495548584
022_0041.jpg,0.6997758242401994,2.7642789796227913,2.5392961064038366,4.395483403669494,-8.521589264294777,5.841678442232831,7.873588180697754
022_0044 - Copie.jpg,0.7096287461055929,2.3872528147635053,2.4816370757892825,3.792099491065613,6.93116124949044,4.98755822836708,-7.927874402399743
022_0044.jpg,0.7096287461055929,2.3872528147635053,2.4816370757892825,3.792099491065613,6.93116124949044,4.98755822836708,-7.927874402399743
022_0045.jpg,0.1394948994314351,0.634268494113439,2.199846900600075,2.230147715400981,-4.480510330961903,-2.5726515648676,-4.8566761804619505
022_0047.jpg,0.6637318668567761,2.237137563501661,2.2495102255718575,3.4665037530623626,6.349271281481839,4.595028217666945,6.808270494501025
022_0049 - Copie.jpg,0.6715374709199325,2.073778654108796,2.3605343885114762,3.5802418378270024,6.588597327394431,4.641680335217654,-6.948008971361031
022_0049.jpg,0.6715374709199325,2.073778654108796,2.3605343885114762,3.5802418378270024,6.588597327394431,4.641680335217654,-6.948008971361031
022_0062 - Copie.jpg,0.6193696595694592,2.29100392245017,2.0149535931690528,3.3147153459721137,5.98445265720088,4.463178761854595,6.805149848010657
022_0062.jpg,0.6193696595694592,2.29100392245017,2.0149535931690528,3.3147153459721137,5.98445265720088,4.463178761854595,6.805149848010657
022_0073.jpg,0.747181132749796,3.8956674968670963,3.1093777959197357,4.767822300540328,9.230146739011673,-6.71699903013714,8.726818196074182
022_0077.jpg,0.6984952322956129,2.5677798519347688,2.358938053862397,4.114256138572286,7.357866238452524,5.4004416280137795,-8.099775424468538
022_0087.jpg,0.6867429959942888,2.1939384540803384,2.3877838924940824,3.636087937459654,6.650518761081279,4.733362904045795,7.619119946278526
022_0095.jpg,0.7216533740556074,2.8512076511377042,2.516055095986048,4.575415478443374,8.506009542410418,6.18948814784812,-8.161594674773573
031_0001.jpg,0.7781660819550611,2.6250283355788677,5.117386281709359,6.840204735774633,-12.81932294556243,-8.153283721212095,14.233138546448284
031_0003 - Copie.jpg,0.7572257460897852,2.293722737426391,5.775951265667385,7.120256205953027,13.905601258411295,9.115252795894984,13.619986862541339
031_0003.jpg,0.7572257460897852,2.293722737426391,5.775951265667385,7.120256205953027,13.905601258411295,9.115252795894984,13.619986862541339
031_0004.jpg,0.7163479081980114,1.981868133388602,4.2656453310706155,5.470760521422222,11.273645223460678,-6.8610176016363935,10.341916974654914
031_0007.jpg,0.770533362659722,2.4852657269829637,4.556715084790911,6.151556248936876,-11.620569645309223,-7.487391483639571,-11.698863649121856
031_0012.jpg,0.7544270330168491,3.2436544861436647,4.217819056752169,4.803669388089991,9.358261442198627,-6.427857869451855,-9.683371829729845
031_0027.jpg,0.7866274285005546,2.8928939788250485,4.988154094744698,6.827268997281213,-12.800340467840662,-8.321677886542968,-13.027562805381967
031_0031.jpg,0.7599936372458735,2.385049507314084,4.3591031264887565,5.555667908769479,10.858855535374145,7.559579537376813,-10.562438999512784
031_0032.jpg,0.7782872245444803,2.678508330620326,4.7973417275526655,6.450468897926213,-12.15577908512581,-7.841526072800721,-12.326858530801513
031_0045.jpg,0.7319492447172299,2.0497353230075155,5.76078595338186,6.983608069393112,-13.963935363290682,-8.388970370527167,-13.36942072687972
031_0049.jpg,0.7639164816865959,3.418483598494035,3.3270475873532304,5.1797678726474965,-9.4407117987426,-7.2892058910778434,10.16673386560194
031_0050.jpg,0.7599535958432314,2.631283588468033,3.8237614617815177,5.31048810853178,-9.999073345143994,-7.155280317257087,-10.061679408104029
031_0053.jpg,0.7304399322380343,2.0423485663542875,5.133168516594956,6.502136690728492,-12.33265058337017,-7.561636551592701,12.939923109635705
031_0084.jpg,0.7767732969513573,2.681431732917538,5.049262023066497,6.430615043479304,-13.36414295873978,-7.949221500808056,-12.171445787513093
031_0087 - Copie.jpg,0.776387331612779,2.5906152197063705,5.501992544089045,7.159255641953639,-13.504621682041565,-8.473713852647789,14.081308743422058
031_0087.jpg,0.776387331612779,2.5906152197063705,5.501992544089045,7.159255641953639,-13.504621682041565,-8.473713852647789,14.081308743422058
033_0007.jpg,0.7980809452043245,5.055765919716101,6.556536961992285,10.50853659111588,19.237647440980986,13.150990057192685,-19.153609843636445
033_0008.jpg,0.7979388139759084,4.8849030229140045,5.6551661488056935,9.239223192822,16.939492131074047,12.38873684077643,-16.767554946652975
033_0019 - Copie.jpg,0.7979354830437859,4.899646522152529,5.559953528238314,9.756923694409998,17.77923389061225,12.395172391342783,-17.46036481430911
033_0019.jpg,0.7979354830437859,4.899646522152529,5.559953528238314,9.756923694409998,17.77923389061225,12.395172391342783,-17.46036481430911
033_0020.jpg,0.7979155171450428,4.697921008105304,5.755164123356601,9.105269761352329,16.552986443011193,11.471081038054972,17.091039182717466
118303.jpg,0.05454060089359128,0.5634909346695477,0.5508894071095719,1.1654658909096116,2.0922038927759603,2.014157811268055,-2.3073631542190305
118400.jpg,0.45554618586537937,2.387185310338166,2.1184072806911054,2.5487635814707432,-4.972963913162863,4.071191703338998,5.115860536104629
118401.jpg,0.24148849168706987,1.4940581109394444,1.556960121111648,2.1630380804046814,4.055076151378825,2.910304801620946,4.454397619327509
118402.jpg,0.6658452642488553,2.463871125776557,2.6940437354462126,3.614309003400157,6.797713411333679,4.861791200755495,7.21841281849765
118500.jpg,0.6639221406381616,1.7654634224472097,3.1659914728898544,4.300389425308332,-8.310012893563917,-5.3932780937219995,-8.104908946161183
118501.jpg,0.5065749431082335,1.2858480187742418,1.859618176779248,2.3551790336387373,4.471617508974196,3.0221019080853133,5.157377955934307
118600.jpg,0.2222107844760758,0.5287330574748696,3.33165632658214,4.172822735771414,8.041195592970247,4.914046551567593,8.116445892121602
118601.jpg,0.318304633659378,0.738794196279201,2.242330685016178,2.239325810251464,4.481195333833539,2.6089951024260545,5.640268727115893
118700.jpg,0.4372577497033318,1.5183014698147494,1.4469522247061322,1.963579290091217,3.6834921213501497,2.789345875821664,-4.261629142251601
118701.jpg,0.6950238474644049,2.194965378458184,4.7419192858580015,4.9327231846483,-9.773846887176237,-6.220921669803631,-10.650287294453644
118800.jpg,0.4727183310773258,2.407632449937947,2.031510602290337,3.300433054684763,-6.239762400592391,5.516813507528725,-6.038941753331708
118801.jpg,0.3938447442844928,1.3302237084763364,3.4366846788545105,2.654050454904782,5.7000546766078255,-5.3762488936697315,6.966161412384255
118802.jpg,0.4236996963453113,1.7664946700594923,1.9098664424924428,2.248922747184852,-4.46691179079092,3.3247423916176118,4.491445486193566
118803.jpg,0.7247933534454815,2.2704263242657503,3.405874962384318,4.270000643974338,8.179084283062783,5.420171654959282,8.384843391781196
118900.jpg,0.3507300549229211,0.8736860767388769,1.7921256794773741,2.037440100823948,3.962790687261983,2.477459361323978,4.613872407053643
118901.jpg,0.5344175533267496,1.452601367550179,2.117579401973312,2.69807874649672,5.230816983226039,3.512579914130035,5.285456821832802
119000.jpg,0.662727323996696,2.1872541264443113,2.538056774147131,3.3052803062420115,6.243392300962073,4.476213548017799,6.795499320732135
119001.jpg,0.6617727550829122,1.93833430440916,2.9944487930325256,3.625962884655663,7.056313357847044,4.872987743711712,7.122003273379688
119100.jpg,0.6820360115999228,1.8729660437026645,3.25337321252914,4.252839346820653,8.074212926068396,5.250206876348629,-8.290456555572689
119101.jpg,0.7002271428869026,1.9831389439356792,3.2980423821417957,4.241688154334773,8.01956381654914,5.2368143852671505,-8.73209652685253
119200.jpg,0.6607657425394428,1.8204013963996615,3.835790977670068,4.276525547110808,8.337734066821037,5.186731831461346,9.15192444864186
119201.jpg,0.6951355584497757,1.9258826845114378,4.688787197785167,5.616968310788579,10.782698023276179,7.459698687418754,-11.390132857012723
119202.jpg,0.5840522939303298,1.4967034118797178,2.777310722053256,3.267645471332207,6.301644038565145,4.0161092129040625,-6.933500386030323
119203.jpg,0.6336486037289464,1.605739971806276,4.001667732872193,4.882323762675003,9.405781511220702,6.1004944783903765,9.576678281832883
119300.jpg,0.5258834122442357,1.2236892604775218,3.902866675988202,4.303081996132941,8.407813302801738,4.962991755879205,-9.452929134792234
119301.jpg,0.4182221900599754,0.9696406835921453,2.28978900236677,2.494676180495029,4.890238824993957,2.979512134274267,5.795723251194304
119400.jpg,0.656757797653748,1.8687972889252953,3.7619668575024625,4.725575910425274,-9.204860300262162,5.826462307788637,9.058932926002628
119401.jpg,0.7100418078356122,2.1619833995426,3.403326290587279,5.218891537112697,-9.534154151225257,-6.484636600459977,-10.391233571352771
119500.jpg,0.5881684187258905,1.5187050705637017,2.724620132439526,3.8929811866625927,7.637380127688184,4.862257930642441,7.2331546164154
119501.jpg,0.5177561929758845,1.3594845762618264,1.98410669933726,2.5705571295077037,4.862277762459341,3.267664852268237,5.444409777593869
119600.jpg,0.7253766719447429,2.1869233588946004,3.3610308412127847,4.990834188790735,9.197240875685791,6.1117427722027085,-9.60823682420928
119601.jpg,0.7140255308037649,2.5111585904329115,4.204473384663942,4.170800913933521,8.502078757432786,5.5586761478440945,-8.516052121433638
119602.jpg,0.7556499026864238,2.8764887369023504,4.792438086941435,4.959759856396137,-9.898454878222505,6.428366809412494,10.136509220996603
119603.jpg,0.7352689688573298,2.377688822343348,4.0246717488540655,5.61805263267273,-10.512116930307814,6.819875152716673,10.712356270785161
119604.jpg,0.755961803360113,2.9832861534336437,3.6622666271928455,4.596389225859735,8.803393378509632,6.147178355517821,-8.986631857572256
119605.jpg,0.7496501403795279,2.4476237616183805,4.336736464526739,5.702273598818571,11.087567993297295,7.095989665523125,-10.766341896439284
119700.jpg,0.5611740288583176,1.5362598745787355,2.4353381144944444,3.509002538695278,-6.54818874947748,-4.422014428073404,-6.7691080050390955
119701.jpg,0.26227005442304946,0.5674240934856241,2.9864323977430556,3.8691871050921223,-8.110837450030976,-4.471951289991976,-7.3021758073224685
119702.jpg,0.5434289170993786,1.989786600830488,2.5708612447925083,3.35060419787021,6.583266463459165,4.354664992686443,6.384442742286909
119703.jpg,0.27145334062894766,1.2475088336458826,2.327646494074186,2.5953248733983414,5.479486904806526,-3.259300898512921,-5.090262737929221
119704.jpg,0.38737665578126085,0.8590957664349671,2.4892159205157776,2.7577322820675634,5.383640035645915,3.2131124002348077,6.357669967086062
119800.jpg,0.5806104501785938,1.537976798096683,2.4364968099586215,3.054012278994489,5.8319056374051605,3.8721499281825635,-6.2268918319926705
119801.jpg,0.7064107943612328,2.003537278497359,3.7856700780376205,5.363478795794374,-10.04805956561489,-6.7492411661007,-10.138407618508774
119900.jpg,0.4959216399842275,1.7618102525776353,2.492336722585393,2.098797297912972,4.583138768788178,2.987435966637303,4.5123617609438424
119901.jpg,0.5374488841309896,2.2083494750253903,3.207829758732182,2.8562107344580876,-5.9165824826979145,4.028317754344565,6.344341642126983
120000.jpg,0.24462383114916675,0.8038948164622419,1.3063148564026466,1.5051995554581616,2.961187997811209,1.9832545400522246,-3.2534786664864646
120001.jpg,0.5335740343457375,1.8682420743129746,2.2778457338955893,4.5842158098412575,-8.171478757382074,-5.519913853756045,8.160191073454397
120100.jpg,0.7564278193482308,3.730922268472292,4.283163936048096,5.931928709188027,-11.055371549063482,-7.8130978336419945,11.615100969027376
120101.jpg,0.7026756459992975,2.032858825110935,4.323395689759911,6.143337622638871,11.957988795428973,7.590052593097199,-11.392176979074694
120200.jpg,0.7435305866474368,2.5138091572296024,4.567546236207791,5.44035228175644,-10.48267562858583,-9.666401884339923,-10.839564223339718
120201.jpg,0.7007132880485606,1.998492736411876,4.3165300222358205,5.234002166199985,-10.014252221074539,-6.268546659872337,10.831345329586789
120300.jpg,0.6420318633916601,1.8331325640292397,3.9874628153195024,4.357403682272884,8.70174044290746,5.314592727002679,-8.660882519573562
120301.jpg,0.7031752527592507,2.019494634576914,4.612992223705474,5.3673620235282335,-10.362703117875247,-6.379521832629676,-11.172001287519794
120400.jpg,0.6919280038553682,2.0162189303988884,3.479438395501182,3.9675854581311705,7.693818564062723,5.008075413824415,8.643455146894059
120401.jpg,0.6803783302184786,1.9756663238291992,3.97521504944603,4.213472022605537,8.761768987165242,5.820056492176128,8.336469640267996
120500.jpg,0.7638460036948146,2.6721697739877017,4.266579523808521,5.666147090155197,-10.66781210028235,-7.066821911053199,-11.044401504438545
120501.jpg,0.7549900839618183,2.587096444728122,5.6496112822271645,6.432778818345723,-12.66319539229331,9.086521624639817,12.591649180727474
120600.jpg,0.6859212332595106,1.825536741990335,4.486227804989745,5.5123025565820685,10.562636795902094,6.484109368229776,10.85090029124501
120601.jpg,0.7692897764807728,3.0336657840748966,6.827030669259123,6.364093863000009,-13.821633225834487,8.909336395134588,-12.963795486320683
120700.jpg,0.6005185636622006,1.5285678676859988,3.117371891656964,3.662401553242703,7.064045070761118,4.433852952290279,7.691372835260482
120701.jpg,0.5824993556188971,1.4820781034349308,2.5020716290535123,2.966665617277455,5.701527821260039,3.7077294035264017,-7.022979005621639
120702.jpg,0.6931543195977091,1.915829782937979,4.262926176906477,5.026070170465514,-10.990111803439328,-6.581407354133011,9.671067419796971
120703.jpg,0.5987791372490071,1.6142903987502406,2.9503914378262617,3.5714982334374135,6.84053069445235,4.378819623082553,-7.5509409754617405
120800.jpg,0.6670223550210054,1.8103926755432782,3.5389896835561525,4.3664764192039325,-9.354793516767632,6.879379888039908,-8.321060596812968
120801.jpg,0.6375709498531379,2.213517336009449,3.6114224100361025,3.689571768834198,7.3426994349467405,5.190065000678316,-8.299734493939082
120900.jpg,0.7188550830207474,2.1911229765064677,3.8121741511949474,4.8058749013601085,9.115014360991067,5.937138117715473,-10.753111010413642
120901.jpg,0.7177100739133578,2.181723481100132,3.701567701486667,4.630622310337872,8.867985259741983,6.863013959352223,-9.073307613537997
121000.jpg,0.6754421958719475,2.66095108878312,3.455848288880591,4.625327039338595,8.794926812160938,6.0348181164800225,-8.840298311388777
121001.jpg,0.6750785974835392,2.619750375664388,3.2856261137991774,3.6720682329348593,7.452253589152036,5.114901646785983,7.2132821426665075
121100.jpg,0.6166238527547027,1.590062223059491,4.7458730609386865,4.510319505400525,-9.162646395152043,5.312815538136705,-9.626613459975692
121101.jpg,0.44685309649138777,1.0778592317014124,2.475631182021047,2.7936998358076544,5.42881969463349,3.3371431807243432,6.768274413994643
121200.jpg,0.5960852717474147,1.8359186630638538,2.6445988892457604,3.6087243847296877,7.293498321334016,4.650114202942545,-6.752672292786624
121201.jpg,0.7054520443472038,2.540891218685265,3.964246503916688,4.711002402939877,9.054910703821212,6.041771556049601,-9.821025544395516
121300.jpg,0.5004668889823182,1.2837346299785712,2.408823923286324,2.9201516127891223,5.585542726528359,3.56239125467565,6.775541063739201
121301.jpg,0.4930727696986194,1.827577377454305,2.0498277269800997,3.2284869957320375,6.069117231197722,-4.539433307948564,5.976916036622249
121400.jpg,0.7103789563070875,3.6192171731508296,4.4417363494761215,5.1160252581305725,-10.160332465075252,-8.054823582282712,-9.970670472661427
121401.jpg,0.7231798525051961,2.8536082899207114,3.6804018653552015,4.812224615775594,9.074157975295877,-7.008358187976009,-9.637836090245404
121402.jpg,0.7000824515753206,2.8500514930996887,4.001347485293029,4.2725448673146165,-9.626246495013442,5.77548622831268,-8.410292804618589
121403.jpg,0.7325795055736588,2.4870597983131266,3.5552141711457472,4.94724003712758,9.286918058316601,6.210758731181809,-9.436219455848018
121404.jpg,0.6544064684901673,2.113024782681062,3.2080898626806964,3.9827140513603663,-7.593571709592986,-5.050411235095828,-8.15963082548591
121500.jpg,0.5835901420473323,2.4832241254075464,2.5834459340026084,3.2546775061062685,6.836718438683541,4.607373162655455,6.184240818636125
121501.jpg,0.49142276538850255,2.9521180714066846,2.888911791177491,3.57430986167914,-6.856921408786929,-5.053724341407156,7.1455111795420105
121600.jpg,0.5684437450879821,2.110676080961724,2.4388207615714186,3.0105910810346126,-5.873266709930049,-4.269548517307294,5.899126753372649
121601.jpg,0.6872428784926873,2.300257285547162,3.52192849662781,4.0438898142415,8.382070544352237,-5.716779659102518,7.844322300585516
121700.jpg,0.7307157879929277,2.4227838005163806,3.9427503908873947,5.393432622261575,-10.185163351863205,-7.005063583483099,10.24271741268902
121701.jpg,0.7555446164912104,2.5852919887988666,4.9250105342075745,5.5801287425756385,11.063357353342663,6.888862780050917,10.924805344304529
121800.jpg,0.30640319269540245,0.9681952911860976,1.4008828078391933,2.5159699411662526,6.388081725778319,-3.3122995608098975,-4.474428631535887
121801.jpg,0.6833306307793396,1.9945044927088664,3.420477497057542,4.4958672476633295,8.564089891715781,5.626663875017356,-8.65432741204623
121900.jpg,0.5366086781036203,1.3706860064414377,2.3129446978955936,2.5304268945794206,4.95444171924423,3.2635158514870373,5.938065927303408
121901.jpg,0.7130741200136808,2.4827167681200377,3.414966737623295,4.3865397447780365,-8.289024169791663,-5.733348580916463,-9.337363569296675
122000.jpg,0.5024521683656443,1.239714310384357,2.6005882397181774,3.1273108830672807,6.079868982824247,4.144228973043234,-6.228699612994147
122001.jpg,0.641818933658563,1.8071874102852716,3.7343831946454196,3.6413164236964577,7.329692873395967,4.548935921568395,8.63704951874613
122002.jpg,0.6109534921015041,1.9424062715737642,3.48055934672684,4.134518476484081,7.9762533386512375,-5.4391289169112405,-8.360320847449405
122100.jpg,0.3497007807553631,1.1058537707484146,1.2876118719573595,1.7015653600135465,3.2026856427567205,2.256673692178518,3.9602767714810447
122101.jpg,0.2778995157268039,0.8382126762778427,1.2402667418195295,1.641181518975136,3.122200739730295,2.259849298552094,3.4674928168789076
122102.jpg,0.6619208074047136,2.053765756635003,2.7928079045033454,4.372564854135545,-8.227918047797736,5.427591637814454,-8.028062649854144
122200.jpg,0.6928950761153114,2.118760127101708,3.6396933171248653,4.388553935870522,8.460425447735679,5.5318436786554175,-8.718521104820555
122201.jpg,0.6959122626899509,2.050877959442312,4.21855413549283,4.762524210647032,-10.261705350028203,6.517561517654448,9.25516022489562
122202.jpg,0.6655633858108213,2.1206585937529256,2.7566365778972144,3.6256219831844163,6.851586045536275,4.747543902315808,7.231306473402424
122203.jpg,0.7516647857595895,2.843401646044092,3.6082517282246425,5.06923968502946,9.484881936220376,6.719322918493479,-9.670723978859309
122300.jpg,0.5447975925965663,1.6127585803668147,2.1622488361029655,2.473383924158286,4.791206634981582,3.295921283890298,7.058855012060364
122301.jpg,0.6373768302945345,1.723841366225974,3.09626155766089,3.35554474905738,6.582325811032294,4.219556143899198,-7.778539211052971
122302.jpg,0.5191811889254844,1.4179410108519812,3.0021080708174597,3.5779955325459483,7.6164530060452025,4.287070803424109,6.875077312530331
122400.jpg,0.6073859323071819,1.9736201986629205,2.9334029801818398,4.48933220683568,-8.207889746356532,-5.534879848952392,-8.944299197171487
122401.jpg,0.6063941856105394,2.189828216211712,2.561441348483685,3.87139073366351,-7.259041954069479,-5.093566692111998,-7.219407628355645
122402.jpg,0.6755414713264603,2.1092730905608783,4.317010918782148,4.313594750921748,8.772678233586896,5.41489662522213,-8.786362487630806
122500.jpg,0.7202217705932764,2.0875153956827743,3.386057226565521,4.694831114065836,8.784431612794188,5.842997652383524,-9.08197743244626
122501.jpg,0.7240795696414196,2.115000672131647,3.556760480003541,4.884054288939305,9.111540162093473,5.994769470085314,-9.851398190383508
122502.jpg,0.729162115923047,2.3985923950742523,4.720119341597432,5.418437986408613,10.82924585760207,-6.648391126348785,10.538206999075989
122503.jpg,0.4584973092307752,1.2309937196122431,2.870534098791832,3.2085139258793784,6.598364689376454,4.024926408355264,-6.296283016320812
122504.jpg,0.5606198020966746,1.5006309553846022,3.4799219978310565,5.601534664502739,-10.143261091435921,6.398171937559442,-11.311552903516434
122600.jpg,0.7735130494734748,3.476048962989349,3.5959298122796253,6.744130959948181,12.62434529021968,-9.083889531145381,-11.922570818679377
122601.jpg,0.7706330843579046,3.3600793636647923,3.4350908484253972,6.385805292826002,-12.430928564469347,-8.315042015960145,-11.297424410745013
122602.jpg,0.7716540534714412,3.4636149299481906,3.5991658460940448,7.095833346609892,12.494976725601324,9.887892209095465,-12.78051144587335
122700.jpg,0.512987239479509,1.4175028075980884,2.3420446035993083,3.6830855540713108,-8.086255078100937,5.635253683855185,6.696010303595141
122701.jpg,0.708249989135253,2.120384549889514,3.0723341227802394,4.286619316554314,8.294216509823823,5.534783033700729,-8.020237569931794
122702.jpg,0.5256382553250801,1.8835983210274738,1.6184555946303552,2.384837862780502,4.483056107950121,3.762734400099664,4.608936418692127
122703.jpg,0.5901897527733918,1.627704351714846,2.6997416403907573,4.366642126197,9.38412412381973,5.502507630836445,-7.900067574419467
122704.jpg,0.667305566783978,1.8773019340060872,3.0085199682799275,4.574748012361682,8.506294822111482,-5.856802854126473,-8.528043519554217
122705.jpg,0.6758119128988836,1.9524674836180693,3.153137710994463,4.608159025933003,8.50751865745189,6.3186833516227425,9.03042145559347
122706.jpg,0.5941705285208846,1.6303760124557471,2.871486890231574,3.0547763605111196,6.0181943426600615,3.8731620978727412,7.457974573050925
122707.jpg,0.4955843128918674,1.8181981297940741,1.731956318973118,2.835205439161069,6.4593046117830415,-3.7640470466600644,5.119239393881527
122708.jpg,0.5799004631328118,3.229841651318202,2.109784400030733,3.0916243416944176,-6.128335921993464,-4.717792309927241,5.723637990112563
122709.jpg,0.5695964879331742,1.5790864226813082,3.3799363680855077,3.7389825309226055,7.978405426509922,-4.90383158941492,7.308135577423848
122800.jpg,0.4234791092037476,1.3794271709946127,2.3134901100618266,4.301719349213438,-7.778984317631642,5.048935909983036,7.74224589866252
122801.jpg,0.5129672875287258,1.607665832895708,2.77823694274091,3.2279157270384435,6.436978651808338,4.241762353166399,6.337361586922253
122900.jpg,0.6492774561791004,2.088186836744701,3.101131648161607,4.65079029672949,8.704614202717323,-6.25090831683514,-8.652980516588972
122901.jpg,0.6299546888298062,2.0303771105876094,3.108575290917981,4.693944353063584,8.595796688336517,-5.846180667992138,9.877528477044287
123000.jpg,0.6337541644822519,2.282646665069939,3.0638702583594655,3.868291670617513,-7.340707866542921,5.106531875772605,-8.10502846496197
123001.jpg,0.6381009742174708,2.5002918570023067,2.9163486769320444,3.8399156391693627,7.251427684500491,-5.32978306842384,7.641158709604476
123002.jpg,0.39721848240545293,2.1382459716380766,1.8987017455710538,2.9111303699742166,-5.320484563463537,-5.579540661234133,6.163038584587271
123003.jpg,0.5986196095575639,2.22731681849501,2.5997358582552934,3.0839236691597276,5.94885923761442,4.855261509538063,-6.42372051152072
123100.jpg,0.7463965164107418,2.5120552275069112,4.514968592524526,5.169302024210709,10.417298783194205,6.822715124433573,-10.047821064885653
123101.jpg,0.7388853974155793,3.477968132593197,3.6785209275500725,4.04917431595114,7.962534726913884,5.969025008329064,8.258326595587903
123200.jpg,0.7458695402706029,2.6675806234286963,4.555605600199119,5.079287574915295,9.964837760070045,-6.756383958271425,-10.181688851981958
123201.jpg,0.7492415631145636,2.557066364125791,3.780591823325592,5.528735247934016,-10.844809024151699,7.626332952294248,10.193978414354985
123202.jpg,0.7510652155029515,2.5443903239621837,4.062015559909981,5.08566388526557,10.009141390968985,6.552519567505606,-9.70792043591049
123203.jpg,0.747236181940427,2.525630106110339,4.353191418897868,4.916243591423178,-10.712181480714015,-6.372176575208937,-9.551997071189883
123204.jpg,0.7479721857731957,2.5446204021442744,4.4751310285022035,5.46406253346552,10.65391195874059,6.90431128737818,10.53147231931716
123205.jpg,0.7108408216202403,2.226925283111369,4.687694366414517,4.685025977492769,9.993672779626102,-6.038388557786439,9.384116767210882
123300.jpg,0.45618280880266704,1.4354244352403929,2.316957217755022,2.231247349067636,4.537922502716838,3.0286287235833305,-4.933381663652879
123301.jpg,0.4833112649651792,1.2065483939667472,3.279797077801655,3.7580670787408623,7.28035073598994,4.905749511137607,8.184425220035079
123400.jpg,0.7325696586113034,2.3937348185363425,4.758457887743878,7.417040993991763,13.538913743964136,-9.005514234318833,-13.923480295538905
123401.jpg,0.7090807978533833,2.2161176922071815,5.111216944198686,5.3947030254952315,11.028143099737088,6.537440847047826,-10.689014337372432
123402.jpg,0.6929915492982767,2.6151133117978125,3.6097966726636805,4.186602554951501,8.169621617758537,5.495421134103219,-8.329962613796223
123403.jpg,0.6758516168026347,1.862174186025289,5.19937273596,5.309121189627673,10.589337141499213,6.511697431653732,11.037372895283877
123404.jpg,0.648797556322163,1.8842571625739468,5.022370567789319,5.436835786678926,10.917870326624174,6.4675680951996375,10.74832444064179
123500.jpg,0.747443804081217,2.4217812754719303,3.3502078026197633,4.628566602910427,8.624229345114616,5.886316866750187,9.390635644851072
123501.jpg,0.7332548371532671,2.310389845294197,3.2652825428698202,4.675442699133186,8.942182726650637,-7.991514346164274,-8.709847970813886
123600.jpg,0.4629114393794164,1.1853613889115984,2.035560792224614,2.554103316301164,4.849679011185128,3.194723691722661,6.082002690125912
123601.jpg,0.5399891068384877,1.4123825446581848,2.5581972884084,3.174561707043031,6.081907268840147,3.918750488408204,6.423267350066927
123602.jpg,0.5039822713488042,1.2967711546738891,3.068020701489852,5.563780474332636,10.030404983647678,-7.018550176629106,10.029987337322211
123700.jpg,0.5667201719839577,2.1267491465700052,1.9000756204566338,3.0049085802450275,5.483909795545637,4.238209286348373,-5.927199956549177
123701.jpg,0.651455256669892,2.1144820313187402,2.247254751953438,3.6365747908519905,6.603994624104953,4.700550593790384,7.056181253954732
123800.jpg,0.6224570260913586,1.6293483324078502,3.0779726310780404,3.8661760811875134,7.477239562600615,4.725934135947904,7.5009375466010155
123801.jpg,0.6232642288514132,1.6345667379984785,3.052356513305746,4.2602698368094485,7.919310479801889,5.145326771420153,-8.868442649448971
123900.jpg,0.5838695139844755,1.5294980292438747,3.045545332958547,4.09133940798384,8.204050758251478,4.856382022343984,7.678255709648089
123901.jpg,0.5458923918722753,1.4506515128864574,2.6493012845478656,4.150361113441664,-7.778104330216336,4.989789191165472,7.6437646950787235
124000.jpg,0.6636170043800892,2.4102738587238606,3.046462145282057,4.144274410391479,-8.111619430941936,5.34960704373232,-7.782820806693619
124001.jpg,0.6935464182984703,2.1514731063316206,2.5856251036762288,3.7496137561204184,7.008284729691739,4.932117719346905,-7.1499040072126645
124002.jpg,0.7008640352186876,3.5826088240690916,2.4281508961361786,3.8960692061831868,7.136223617002025,5.816053422383604,7.318240350813461
124003.jpg,0.6320316194898981,1.7685312383572014,2.712374379790162,3.6896863462749057,7.07819086819916,4.626056312490657,-7.009657645391297
124100.jpg,0.4546654768067293,1.390330715481665,1.7030258662596525,3.462092754928433,6.083900691671048,4.502332372764364,-6.435445801491521
124101.jpg,0.47172227461242644,1.432324317604998,1.6018226619107918,2.5483990201914253,4.735856825141252,3.2946424046030596,4.820363305302175
124200.jpg,0.47776106033513976,1.176197610946813,3.1013149423790485,3.319148094011663,6.56264534140832,3.997904230598771,-6.953178813820246
124201.jpg,0.3978532294470593,1.2007285159473795,3.1956509816260894,2.807118937885611,5.9572664053855116,3.516604701659682,-5.960785644211792
124202.jpg,0.24062195405147793,0.6284947639664263,3.3717728581262607,4.083456320757291,-8.520057027840922,-4.834834473678202,7.819527816930027
124300.jpg,0.6896061921366198,2.3234491824582126,3.921837052294837,4.200097457629246,-8.261377092135714,6.501443972027771,-9.682256747858956
124301.jpg,0.7154021515915081,2.396586321665123,3.806929504111828,4.772278196525492,-9.097178611018645,-6.844046145119252,-9.473802267296456
124302.jpg,0.6143087556670641,1.8309144187296293,4.447451951482573,3.33902770159462,7.232359353777842,4.6610835276644,-8.919208604245101
124400.jpg,0.6957239041089983,2.202326381594759,3.195953972794998,3.8065441952426844,7.4504555618004344,5.171172600920013,7.466455660255878
124401.jpg,0.5868872254408932,1.9757826691916995,2.4369384207142724,3.675334220583187,6.796563929066569,4.875785824679569,-7.024813530230228
124402.jpg,0.5526123654220862,1.963483384426433,2.467840775888852,3.6042117561052236,6.64228591570039,4.585954846992296,7.653984627809321
124500.jpg,0.5152703451520255,2.711274251079368,2.263532401959489,3.2416823117102913,6.091054884914455,-5.922133896987904,-6.2163960730506815
124501.jpg,0.41590932716305334,1.353298475403424,2.7494408223170645,2.371408130676854,-4.986532200563693,-3.4561404254792643,5.257993696010701
124600.jpg,0.7179822531565153,2.281818690352696,5.845832682194296,4.664981299728944,9.925293300026059,6.94092343818374,10.74589341753721
124601.jpg,0.1847075419219146,0.7047691116668087,1.3840243514154362,2.131150979582359,3.9299934128111613,2.615733095323398,4.269679636928356
124700.jpg,0.6924546900657399,2.3784729867394394,3.296987697244022,4.934283164006595,9.324339424878344,-7.31099860906559,9.122035186910674
124701.jpg,0.5718612641617372,1.5534099063724063,2.5581896719837482,2.8998013284854114,5.659957061880499,3.863359751135963,-6.065767475879314
124800.jpg,-0.1843587908307842,-0.31480038098848956,0.7911064834918068,1.3230066114764572,2.517417624537259,1.6056132904227973,-2.5445880566256944
124801.jpg,0.23296794999090836,0.5844464066869762,2.7595073547445415,2.707160586056745,5.485226863692721,3.0807384939876936,-5.805543401932917
124802.jpg,0.24710611233530566,0.6438526250620814,2.2789147152835385,2.9622380786609077,5.734271510070688,3.456334308763593,5.732391505992876
124900.jpg,0.6602678208789551,2.0573849121411123,3.2858184661727123,3.9688553297317277,7.6954635952004296,5.494503262007453,-7.813905388990557
125000.jpg,0.6305933158999557,2.43449041268198,4.157374929082615,3.765715834203714,8.925598497648867,-5.152568144603155,7.728134091409948
125001.jpg,0.6131723820454319,2.030797763746403,4.004378405378418,4.018655029510025,-8.057759037120135,-5.3893146210431695,-8.491842014552272
125102.jpg,0.7010727871116381,2.0095219247279754,4.0443556063376525,6.729815912963906,12.11693740808854,-8.027266960973321,14.008746925294089
125200.jpg,0.5359894763841592,1.3894044737147715,2.6337310195333026,3.5054987431268962,-6.721885400052752,-4.412456268619339,-6.7294375043569685
125201.jpg,0.5509832495841197,1.6086752174166987,3.143959831782144,4.177667265969658,-7.947119218439173,-5.186790337677241,-8.040925541323828
125202.jpg,0.6088516566868435,1.7650540818430176,3.1701600861830266,3.5245329591083148,6.872801697135745,4.413688802363067,-8.058301403270137
125203.jpg,0.2526120180457951,0.7362823411640324,3.122219821566156,4.090483403679388,-7.846706733250556,4.462995303485345,-7.847995206348139
125300.jpg,0.7027770830127439,2.978130961259165,4.139390513517568,5.381486371193075,-10.406158068258769,6.957303490658791,10.218189332730823
125301.jpg,0.528138668522286,1.3966929527234766,4.295754311753264,4.585100877482788,9.323838630670785,5.379573924030281,9.08891207621611
125400.jpg,0.747521673619019,3.688182488538988,3.210265139500223,4.702752846660123,-8.865867703928837,-6.73946731159714,-8.765240848375754
125401.jpg,0.4553945488353204,1.4854820836438531,3.0085196376445325,2.482743106354072,-6.132446350827019,3.2343276193276527,5.231778640875234
125500.jpg,0.5958365322637138,1.54865499221898,3.3710094816296188,3.868068342421762,7.500588826482127,4.7364451740616,-8.105779219251756
125501.jpg,0.5967521918271762,1.4725590999012266,3.1725051082920763,3.6435928457180395,7.0571774146833475,4.433623132693539,-7.8511988618037885
125600.jpg,0.7620654263911844,2.6335733983177945,5.467607102916024,6.864731739933806,-13.23691283927162,-8.189334397135378,13.137254830429669
125601.jpg,0.7605278727164043,2.6663820063563106,4.952253107763105,6.44436215566535,12.144582468876866,-8.421487917626665,13.171181255648856
125701.jpg,-0.6052490350353521,-1.2079370505817062,-0.13567176232093336,-0.12023728851233435,-0.24819002304837431,-0.7207292303552054,2.2936529241142787
125801.jpg,0.4655295671371653,1.132809546962925,2.5357627140819465,2.8536650629081426,5.563088282988787,3.480703711030297,-6.140272791054263
125900.jpg,0.6552284283094831,1.7284899013326338,3.0295119769882324,4.033604367547112,7.812329854885027,5.479259816425375,-7.649029457959242
125901.jpg,0.6966247805218052,2.0288201364724783,3.758135497032212,4.156190121792362,8.124862241528978,5.231085938777937,-8.756934677238807
126000.jpg,0.6358423797657651,2.8211990965627725,2.4470060450022815,3.4477110090771586,-6.7643870088688125,4.914172238233789,-6.4388370631418255
126001.jpg,0.7351470426363226,2.9980522374769145,3.7092283312402228,5.539616701102089,-10.165627162159891,7.1019594003767645,-11.232792151119225
126002.jpg,0.7180312199857352,2.3039029156857387,3.3919850106173377,4.412181415465363,9.11704418567455,-7.017991456734658,-8.319717644939141
126100.jpg,0.7291187885663553,2.5170793403721428,3.1769355624221736,4.397752082473737,8.43921974679002,5.944113829112445,8.265759165294085
126101.jpg,0.7117328306515257,2.2627776203914247,3.7743134665735094,4.578877625795761,-8.874577373579974,-5.891904630859089,8.942723678255774
126102.jpg,0.7230920846231331,2.2939814758085264,4.2266236665121415,5.1350090759959315,-9.819581614912751,-6.401274988832509,-10.698705496939972
126200.jpg,0.6064604425227237,1.553730877120263,3.5856367953381856,4.222024838148182,8.384558963384006,5.038368642882542,8.204489870204268
126201.jpg,0.6261230513901026,1.6256917804523365,4.328900014655214,4.908415446194597,-9.541302264413453,-6.164072621273194,10.125937500449373
126202.jpg,0.6278240186265819,1.9447682139056743,2.9791104422167707,3.447740898199894,6.8017039638433054,4.552900866719883,6.822139797917463
126300.jpg,0.6136540364231685,1.5350551437512967,3.0894760824877983,3.9458951390878734,7.854077339410064,6.192133466631394,7.502888292451069
126301.jpg,0.5533789788669247,1.3079815361108658,4.5046135266847545,4.722052811031938,9.346671392097225,5.473790390040535,-9.983122692863091
126400.jpg,0.1788731994494564,0.41367446754620646,2.206673698729777,2.027656472506291,4.148289980568618,2.2511372019619316,-5.044864624888657
126401.jpg,-0.005916172061038178,0.18940829106189205,1.7744432050439083,0.9349836129194267,2.432053846952879,1.0308925990379378,-2.448688698336924
126402.jpg,-0.2773328462691778,-0.2991825737357675,0.5103023906259988,1.5016110049432598,2.6989969379726944,3.3572242692499104,2.623668782271189
126500.jpg,-0.07538166921559136,-0.04691184949959581,1.4909759482886313,1.8909852237435212,3.5902394852352617,1.8836454105466331,4.295617429310319
126501.jpg,0.19834686920304045,0.5300445718759599,1.591877715957274,1.881435477900676,3.6255079669984553,2.168714735716819,4.355084923042117
126502.jpg,-0.06661577354532366,0.04449147333585932,0.7534198726017564,0.9045687163985313,1.746639984899497,0.9416374032226167,2.3501922133358386
126600.jpg,-0.8033561016531626,-1.5981507916950608,-0.9648983385950963,-0.8453233153393163,-1.7498207670454546,-1.615489596838144,0.4756134969671658
126601.jpg,-0.4519180980977555,-0.8864907885230036,-1.0070034309637113,-1.0125034778581907,-2.0222568970322436,-1.4529600875397755,1.3726214063307476
126700.jpg,0.03421222807127734,0.149346470460445,0.8240543766142486,0.6698259051610447,1.4169789621531186,0.7484226165728665,-2.9211453974206796
126701.jpg,0.242429373054359,0.7482249675842056,0.979881909814541,1.1402317843580199,2.2004154017301856,1.5213602137500686,-3.8172204364585802
126702.jpg,0.15527215216473972,0.47329197093873104,1.2754729627618189,1.0552239418432174,2.223228340189747,1.2919795018337363,3.1781665474317546
126703.jpg,-0.5832816396664966,-1.1411348688986085,-1.2999285995322647,-1.2573043418935992,-2.535887267880192,-1.8278416174509702,0.6303390092486011
126704.jpg,0.22842567586514387,0.5451225327448362,2.110277252642858,2.671506601514242,5.0684099902128565,3.042494732714984,5.844284443734983
126705.jpg,0.2231811189454856,0.520204400054577,3.0749227410930335,3.04499527195443,6.1793975679726945,3.333545546661897,6.373577970032343
126800.jpg,-0.4167796768431204,-0.8188144643986546,0.9101891639897406,1.3671398734565539,2.566852553154424,1.2204132446458114,2.8111546869163826
126801.jpg,0.7417528721226058,2.4829492150480257,3.1036012719763986,4.767102950095979,8.957637374887005,6.254060718372992,-8.782643833161096
126802.jpg,0.6672659837073536,2.19953741941537,2.525948143774586,4.058704482521044,7.351654220958792,6.255971810575621,8.622327383589777
126803.jpg,0.5943697718919124,2.399033143290062,2.133475400334708,2.5892361077601342,-4.955620323083329,3.7912723922692666,5.770760843479886
126804.jpg,-1.0638547781869974,-2.1128882177268347,-1.8943595551287813,-1.8429489202866576,-3.711602494767358,-2.8971406932876347,0.9540567738544042
126805.jpg,-0.3898527004659242,-0.709161394538117,-0.3964272173956619,0.5453994465369422,-0.7221099489118562,-0.26100148694517994,-0.8325962093927984
126806.jpg,-0.7648295961879127,-1.5110982371092694,-0.9165689033073551,-0.6108643548393199,-1.3630834646607353,-1.254256146876807,0.7307825040589875
126807.jpg,0.41503594638412455,1.7189547308133375,1.8950949318250123,1.630556762594424,3.841117953581276,2.510163835776764,3.4229283163365194
126808.jpg,-0.8321536701995343,-1.6590702017010535,-1.3735041282910845,-1.2882332929199285,-2.618899014199424,-2.0959134750754234,1.1043599597384512
126900.jpg,0.05279228235389554,0.14802668202684263,0.7643060900210009,0.796077138375419,1.5762705579262979,0.870315896146444,-4.116365786901563
126901.jpg,0.15581820232340818,0.3835149614040153,1.999403259704732,1.997806189914883,3.9964154836891144,2.1907188786774445,-6.33488146878431
126902.jpg,0.039410819255627776,0.10576016393249038,1.1071492869262658,1.1990959084682928,2.3522329780032236,1.252861746635467,4.440341058934641
127000.jpg,0.6113318835826895,1.7542176322886782,2.6730987309709855,3.158620519015215,6.076853830552982,4.05626134407028,-7.05633137996966
127001.jpg,-0.5860908871359174,-1.143764388200652,-0.15863089657959634,-0.3454554489527195,-0.5946429510721821,-0.9071498909545619,-0.34445074791936753
127100.jpg,0.7152751673543506,2.3636592976704733,3.002115117519631,4.157065642610042,7.941416893041559,5.431454674944431,7.843803873348829
127101.jpg,0.6862744592454633,2.157156602485648,2.678653669880486,3.8285025980073613,7.223796513217392,5.088759280027695,7.241766621202445
127200.jpg,0.39644251647725653,0.914303721961661,2.0547975573211956,2.206299687082441,4.337737123388564,2.6742662079776305,5.531264253736343
127201.jpg,0.301055802518942,0.6961793924142096,1.5041616788978394,1.4923371916437023,2.9907507436250502,1.8453235941293669,4.55146943605289
127202.jpg,0.334014610537535,0.8032430979996734,2.0377150534077977,2.0603909207986195,4.109480467753681,2.4718632091965804,5.996337131777634
127300.jpg,0.40354917495902953,1.1079897585114806,2.0402728019345386,2.5024804674221435,5.62132243661552,3.6214785547521227,4.778285478187199
127301.jpg,0.1405612677306884,0.38037049167264514,1.0536681682012012,1.346347277522174,2.5526983958820733,1.5584975796827893,3.3167352401032453
127400.jpg,0.7837248976170982,2.8451919941251322,4.363942243621237,6.041106081251369,11.400600913858673,7.646465080973867,-11.387875964785616
127401.jpg,0.7777393175497685,2.799098294095528,4.0339170186244235,5.871530662654477,12.158562513294108,-7.8389710829434796,-10.824720737836712
127402.jpg,0.7818695269342743,2.792593823512388,4.302666547817998,6.112315180510231,-11.321628738212828,-7.51406222995269,12.358737084794424
127403.jpg,0.7875477942103557,3.395497218768329,3.901683566517248,5.771447287407445,-10.608175203561187,-7.473623220654605,12.171058872979936
127500.jpg,-0.33995524356314155,-0.6342967748089325,0.23108282699126698,0.43723266549122625,0.7714700021116767,0.21439015931457076,-2.489377076585847
127501.jpg,0.02523461257963146,0.17199631455754158,0.32629309826764746,0.31367568384208483,0.6353724687446598,0.40297701502241134,1.6860910375693303
127502.jpg,0.4109218243090851,1.046893109365748,2.7752360683337542,3.1250663780926975,6.076060016779024,3.9321491862202884,-7.281252663102638
127503.jpg,-0.34229275356130545,-0.5717708968759414,-0.7303384992340783,-0.8094580551050404,-1.5741986008966942,-1.0943534586421013,-0.7646347730815205
127600.jpg,-0.8381902635553,-1.537879216234549,-2.499677767512262,-2.380775823882181,-4.820978160449472,-3.1476319201500496,2.846833734355291
127601.jpg,-0.3216073043458204,-0.1953426337192959,-0.7674341283336777,-0.42808513104904006,-1.0112344133825293,-0.3953471437491872,-0.4325336579384941
127602.jpg,-0.4781312579652972,-0.6067932025497544,-0.7803695192238833,-0.22873567975171172,-0.6042735132493688,0.33622589818291604,-0.5589079460173094
127700.jpg,0.4782391346003351,1.387689481596837,2.0354101771320496,2.071891535893163,4.125542551058815,2.849696977683568,7.193695423104978
127701.jpg,0.5915631532150605,1.5971755295848866,2.2046850399336075,2.5992480075263136,5.005221398518217,3.412123810240674,5.870189564290318
127800.jpg,0.4159749116099012,1.0254409002990734,2.1831404732638733,2.7488466899156796,5.228905400877247,3.366460619398491,5.816140170121016
127801.jpg,0.5278250734094375,1.3589256596705648,3.2043051170706986,3.397439179703668,6.900386525129793,4.09069807202314,-6.807189972170316
127802.jpg,0.6438769412979383,1.6560195427296973,3.9345066649127323,4.276365286697136,8.431921553641718,5.11615861919971,8.724749970992777
127900.jpg,0.6000644532570528,1.4675553731941393,3.0256072673560177,3.6449233087137762,6.9802416220783,4.378994240693823,8.786350578218041
127901.jpg,-1.0409905719926875,-2.069038353507777,-1.8948643795248206,-1.4590995674957212,-3.0896416387358507,-2.224246876232397,-2.7783437482981324
128000.jpg,0.5971211701783832,1.5095228272091519,3.191504109985387,3.9911098881004614,7.613488825699858,4.7547229408151646,-8.019960615611613
128001.jpg,0.7425454746994005,2.556579256878814,4.579913551189965,5.244801985150802,10.177388502117985,6.568495342998393,10.682588261974088
128002.jpg,0.7348447196985095,2.512040574860087,4.380524520962184,4.88577150981969,9.583874802295426,6.187029481509687,9.812658117911159
128100.jpg,0.7383739738194824,2.515858538981029,3.9624229894333016,4.818239070664811,10.306818518076126,6.277157345753434,9.20995571501916
128101.jpg,0.7588131408407841,2.6684965406414256,4.638546515573201,5.596390822624533,10.72077377133645,7.230681996877843,-11.465811146866145
128200.jpg,0.6593247657616843,2.8756817279093028,3.2517854032468443,3.1761048242306518,7.230968582773283,-4.873387454012892,-6.39461529114998
128201.jpg,0.6363668357115454,3.020809653679699,2.795591288014225,2.8742550409717316,5.824332144144934,4.774129327321042,5.901954431620269
128400.jpg,0.6522737264353843,1.717624175332856,3.124543364723559,3.992729382774719,7.740969251806648,5.009471876803626,-7.668766732876243
128401.jpg,0.44055917560105656,1.0690289403725024,3.2420666688445214,3.9774336696613983,7.594356159690014,4.564514141560984,8.331307433996987
128700.jpg,0.5344939392633298,1.426810122384288,2.6870102237113564,3.5947914531023857,6.859214316895727,4.441678673968597,-6.917038436485148
128701.jpg,0.52882049542299,1.476004320515968,2.8043981304600045,4.036824460021603,-7.548032159510513,-4.7841019915704655,-7.690983000654131
128800.jpg,0.5161717852141271,1.1992465423789067,4.54959849744173,4.682577697943167,9.304208737304053,5.482616320255107,-10.09793837475292
128801.jpg,0.13883151848137212,0.30401924978458783,2.0265532221441784,2.0849695273309736,4.140760689897464,2.2400527344204963,-6.0721035282176326
128900.jpg,0.5377686182892772,1.4352990634562581,3.257581523812012,3.4246366111267985,6.8405654347359235,4.247284673299362,-7.033451475839465
128901.jpg,0.6102609058139502,1.666821737127159,3.289379986935182,4.201639667973828,7.947300717694541,5.04014177549702,-9.525794388949228
129000.jpg,0.7096532249724581,2.174142852120563,3.8306492052814023,4.520220173717503,-8.902361346024966,-5.642831899024888,-8.80157059268625
129001.jpg,0.7228877707705793,2.097919581819314,4.565523340605914,6.67796037478339,12.752824859234675,7.928376273134511,-12.32847376254938
129002.jpg,0.6784618038155731,2.3539373260781473,2.5541531004046947,3.2916286926693563,6.261033743294136,4.51800597623445,-6.571946269407052
129003.jpg,0.4990704154076452,1.829578812974276,2.4464757901855316,3.1584450762133085,-6.195738967471778,4.773575315592479,6.050838991661172
129100.jpg,0.6134663948703674,1.5280928608665252,4.61724719437321,5.93920156934635,11.22539347937498,6.746474712755836,11.93911288849269
129101.jpg,0.547326211797058,1.4474770747705854,3.5944244085935075,5.606311124411308,-10.278985483689649,6.3584040783890154,-10.48061811555587
129200.jpg,0.6635288846370823,1.984774834830487,3.962226082828731,4.098474970557275,-8.132352705515004,5.099782061992882,9.025248320248048
129201.jpg,0.3376881919769784,0.9807438784986664,2.25055330451765,2.3926496735734064,5.06326685477283,3.1979261972646045,4.762823655281905
129202.jpg,0.3334629290886699,0.7303633899668063,3.315811929428699,3.3904269204934767,6.743636503883884,3.764304025496657,8.434465412370058
129501.jpg,0.07358915821013391,0.17356929648862202,2.107156327917421,2.137427184565816,4.259720736746589,2.244825283282498,-6.800951187287944
129600.jpg,0.5718098664999764,2.4504890198021068,4.318034212940585,3.0866421993234403,6.919955772575163,4.651527395675214,6.960968706436872
129601.jpg,0.7445053431155944,2.4128442578401446,4.477566026651547,5.5492286800357595,10.56524613876481,6.824373867213262,-11.523152546738734
129602.jpg,0.4208797462279338,1.4088579501575402,2.82970974198248,2.9476330562167967,5.890825043877779,3.6813859464398946,6.163091570527114
129700.jpg,0.24195938081469967,0.7897643061686622,1.3958016997961242,1.893420325416723,3.545785431170332,2.3463805733673095,4.265508498578106
129701.jpg,0.357757042530004,1.4713587094332738,1.6663365757806508,2.1637985898983727,-4.309210267458875,-3.036265146814496,-4.1711396763468835
banded_0002.jpg,-0.25131299825850795,-0.49881745500933267,27.25543381781969,27.78955927314148,55.370503497081074,-27.68972771720062,-55.625618083741784
banded_0004.jpg,-0.10488123061631346,-0.20225544333156012,0,0,0,0,0,0,0,0,0,0,0,0,0,0,0,0,0,0,0,0,0,0,0,0,0,0,0,0,0,0,0,0,0,0,0
banded_0005.jpg,-0.024095362767859924,-0.03725755296556641,28.098617755804973,28.02406989973535,56.13153751339486,-28.182426859113146,-56.444482247260794
banded_0006.jpg,-0.12020629670853615,-0.23342125707553074,29.041137750139363,28.942903308744985,58.15992328745834,28.945699349754133,58.030081467997476
banded_0008.jpg,0.7600724796628864,2.6200424411402743,7.815327713279682,8.90274053673262,17.2903965161082,10.995578036328927,-17.715956693830687
banded_0009.jpg,-0.5784789511873459,-1.1561168795348171,2.554589839292098,2.6029581221621356,5.18177100460736,2.037149912228562,7.055144320020041
banded_0010.jpg,0.2317083324512586,0.5166502088892162,5.579346273361009,5.402626602784623,10.939087948824337,5.767322744976304,-11.255445077297594
banded_0011.jpg,0.2677638704792846,0.5791233938409955,7.661698666569801,7.030747838795364,14.452974579578918,7.342514791242692,14.64182594790385
banded_0012.jpg,-0.6854435711635816,-1.37037327432352,25.732363844350196,25.607110192231335,51.30557845534523,-25.01161419437767,-51.73025439675408
banded_0013.jpg,-0.26740210645674983,-0.5312687676233954,0,0,0,0,0,0,0,0,0,0,0,0,0,0,0,0,0,0,0,0,0,0,0,0,0,0,0,0,0,0,0,0,0,0,0
banded_0016.jpg,-0.0945100767297312,-0.1811430387321976,4.711709023054896,5.211993429856733,10.248848730515483,5.4519265967435375,10.441103040980988
banded_0019.jpg,0.19838985235960527,0.4279037420156096,4.815949076427979,5.0886322047706285,10.048775358384406,5.3756727389770385,10.765710095570833
banded_0021.jpg,0.7593123456406565,2.600811439999077,8.398799213195879,10.144510844792007,19.41827898808388,11.942479939380894,20.423137237657205
banded_0022.jpg,0.44710325521721805,1.0035752496311927,3.935686286786005,4.394999947696841,8.588901053089375,5.159309963979946,-9.014978943740797
banded_0023.jpg,0.7688157844092173,2.9273584850242718,7.467451699634401,8.868745137224206,-19.830223169336747,-11.645833385217772,17.0368441179892
banded_0024.jpg,-0.0456710710127797,-0.08123410610026877,3.1303098261156617,4.040499769186902,-7.832482393208822,-4.114443315450517,-7.731901217000867
banded_0025.jpg,0.018947430980212475,0.0512621458461641,0,0,0,0,0,0,0,0,0,0,0,0,0,0,0,0,0,0,0,0,0,0,0,0,0,0,0,0,0,0,0,0,0,0,0
banded_0030.jpg,0.00032128704931361874,0.01697098459021731,2.1028490551734915,2.1096018595328228,4.215834402642644,2.118625745897885,-6.45901490064343
banded_0033.jpg,0.778116748491659,5.355179402863762,32.07384645774773,31.949550644250042,63.961249195248925,-48.07848387450645,0,0,0,0,0,0,0
banded_0034.jpg,0.06780606867776792,0.24950827079941154,3.7134562696010995,3.7468740258589266,7.783126089959723,4.3201826364677105,-7.537848737458722
banded_0036.jpg,-0.5220643603261356,-1.043037535197353,0,0,0,0,0,0,0,0,0,0,0,0,0,0,0,0,0,0,0,0,0,0,0,0,0,0,0,0,0,0,0,0,0,0,0
banded_0037.jpg,-0.8323155993636068,-1.6643700150030456,3.251991148096617,3.289750245818191,6.560638941334612,2.4666761625314337,-8.601388231591582
banded_0039.jpg,0.5954122882295717,1.4364668555533695,6.961247922832679,8.088107337573332,-16.154918650315327,-8.988208703444963,-15.631449531015884
banded_0041.jpg,0.5701054934180112,1.349870871115814,7.112922212933647,7.95678870025509,15.751663331245977,-9.14308139870234,15.569706648197764
banded_0042.jpg,-0.33797444748096467,-0.672233427755832,1.043916949314872,1.0664278123952633,2.12160021189578,0.7314871495754676,5.6546909370834
banded_0043.jpg,-0.6497436027236677,-1.2973956630906345,4.1675611699802975,4.222949317210131,8.4209075362542,3.610780858515792,9.372010753936271
banded_0044.jpg,-0.37938894427072917,-0.7566661810386196,5.762006732072519,6.409183858286541,12.72246970823997,6.7708683725320125,12.58847092468792
banded_0045.jpg,0.11208108130281491,0.269408104884659,2.435749691495249,3.412169717385272,-6.3438550350886915,-3.5508979681516344,-7.064391451901924
banded_0046.jpg,-0.9724414527057237,-1.9447441787010713,3.3213833730501623,3.444724192629117,6.828472014562273,2.507116729178488,-8.075810093463815
banded_0047.jpg,-0.22185147075120187,-0.4393381910720268,0,0,0,0,0,0,0,0,0,0,0,0,0,0,0,0,0,0,0,0,0,0,0,0,0,0,0,0,0,0,0,0,0,0,0
banded_0049.jpg,-0.23018232441162895,-0.455993289647769,2.444896816531387,2.4605167799896512,4.9132250428493345,2.23827991264539,7.498742077454059
banded_0051.jpg,0.02317036630837425,0.076136964928852,0.8633502352824108,0.8300532179571527,1.6767672421699742,0.8708869418425111,-3.8002281926729147
banded_0053.jpg,0.38547730383336487,0.9241709640367024,3.0549192452712672,3.4799706277275844,6.755049911469368,3.991090005380334,7.47821275746342
banded_0055.jpg,0.7045578935047476,1.9880395227041996,6.130143640271399,6.050410328410722,12.21859465584022,7.048698180838146,-12.401065553285132
banded_0057.jpg,-0.717000270624514,-1.4335493960660557,2.8576390437403676,3.425293157761155,6.69239674585545,3.195067485455576,6.745375127324834
banded_0058.jpg,-0.5221443863235448,-1.0431831508157905,3.595066962725642,3.6136598913373583,7.218025416070036,3.0954564400050404,9.725529713983619
banded_0059.jpg,-0.056880601122731834,-0.10435789200710667,5.464735558951152,5.807024851266455,11.461345666977493,5.885152315605147,-11.9875496241175
banded_0060.jpg,0.5746902215636385,1.9346615657644926,4.920405222780315,5.363640577603548,11.234721212559887,-6.627591005186506,-10.513360326689284
banded_0061.jpg,-0.19794679793334263,-0.38993566444814415,7.101439378171851,7.398894737379795,15.614403691653077,7.524715564659913,-14.65162409709335
banded_0062.jpg,0.5156494898160058,1.1908111931593095,3.0087476295913906,3.89784172244183,8.24755624280844,-5.486081523429687,-7.3546636555019465
banded_0063.jpg,-0.19480683271875868,-0.383738011202661,1.1267725251899794,1.1455537196115437,2.2817194687136593,0.9590814107466471,4.740389964212777
banded_0064.jpg,-0.5338608886945317,-1.0666883579170072,25.25394487590972,25.2182661540061,50.45547312860672,-24.721105726182234,51.6023150291564
banded_0066.jpg,-0.18233057517021453,-0.34219507801911814,2.0993450667061815,3.035129882339313,-5.731077244728218,-2.932390331755253,-5.777123993847129
banded_0067.jpg,0.3929854164064306,0.8667330336584572,0,0,0,0,0,0,0,0,0,0,0,0,0,0,0,0,0,0,0,0,0,0,0,0,0,0,0,0,0,0,0,0,0,0,0
banded_0068.jpg,-0.269817163706539,-0.5361411414610395,5.205029855404767,5.303807190347425,10.558558530039322,5.061581869116482,11.965666627593164
banded_0069.jpg,0,0,0,0,0,0,0
banded_0072.jpg,0.01150767510920261,0.035925649784420234,0,0,0,0,0,0,0,0,0,0,0,0,0,0,0,0,0,0,0,0,0,0,0,0,0,0,0,0,0,0,0,0,0,0,0
banded_0073.jpg,0.6649341055712559,2.375341879497366,4.609943173687126,5.678347583650601,-10.94016699526914,6.936346062386321,-11.011716264323379
banded_0074.jpg,0.5995768310071743,2.493068656606744,3.5758534220589477,4.0113340423942905,7.817911913600023,5.328749608709102,-8.423058076186848
banded_0075.jpg,0.7766478386865047,6.777019241491179,6.5501115484166625,7.692265382034122,14.818355774839917,-11.854775549885007,-15.639093912759115
banded_0076.jpg,-0.09763860224315722,-0.1875132893358361,0,0,0,0,0,0,0,0,0,0,0,0,0,0,0,0,0,0,0,0,0,0,0,0,0,0,0,0,0,0,0,0,0,0,0
banded_0077.jpg,-0.3906835891724476,-0.7793720023615485,2.8982503193480764,2.90711901245161,5.809803720222274,2.517638933595938,9.167225120108927
banded_0078.jpg,0.05407052546459371,0.12389819895020687,0,0,0,0,0,0,0,0,0,0,0,0,0,0,0,0,0,0,0,0,0,0,0,0,0,0,0,0,0,0,0,0,0,0,0
banded_0079.jpg,0.24664832391650446,0.5325860167553467,0,0,0,0,0,0,0,0,0,0,0,0,0,0,0,0,0,0,0,0,0,0,0,0,0,0,0,0,0,0,0,0,0,0,0
banded_0081.jpg,-0.30317442819063145,-0.6017988712219348,1.2845590094814747,1.2818966594491938,2.5651250881951273,0.9811927948259017,-5.346506172591376
banded_0082.jpg,0.7670569868169443,2.8389073820950377,8.992392113445053,10.150429473456937,20.318853167951673,11.846392176715627,19.736195309239825
banded_0083.jpg,0.02411110846469083,0.09457896077284743,3.8059554472986825,3.621648750425766,7.336510680954502,3.677495695152833,8.491739261621493
banded_0085.jpg,-0.826254069979898,-1.6522316705798612,2.057619679142232,2.0629818495030676,4.123282615361286,1.2368834934209911,8.198525187395637
banded_0086.jpg,-0.3889741445482502,-0.7759320536335451,27.55779748313824,26.70555634130297,53.852007519867186,-26.343256782508572,-54.42820270030131
banded_0087.jpg,0.094025569765466,0.21042993910658245,3.5079835965682036,3.452697433963278,6.934020194993418,3.557912404188948,-8.105795962430046
banded_0088.jpg,-0.33160398354448695,-0.6605782105656106,3.6606363446306065,4.188921978994949,8.205735387225864,4.245669922336381,8.344497818245214
banded_0089.jpg,0.17073567490445132,0.3687957386892762,6.45113708734705,7.317828207877594,-14.882626141711189,-7.7954059268750475,-14.211988403861598
banded_0090.jpg,-0.6843758289494333,-1.3682352554081472,27.331348798464358,26.865189252054275,-54.4701234978139,-26.385648781416084,53.985608915052794
banded_0092.jpg,-0.2771507002987345,-0.5509058898256981,5.0189661290784064,5.198435113386392,10.30944007592829,4.984416190608117,11.295390641492618
banded_0093.jpg,0.7259371377218575,2.367802538936445,4.988509652493893,5.418400993363233,-10.727130118869502,7.4212463471426915,10.829587822503386
banded_0094.jpg,-0.2700074345415185,-0.5362903485303808,2.5287470591317636,3.0941071724013707,6.0284729466039,3.2879605479665206,-6.087644158235655
banded_0096.jpg,-0.4652411797844958,-0.9290642548232839,0,0,0,0,0,0,0,0,0,0,0,0,0,0,0,0,0,0,0,0,0,0,0,0,0,0,0,0,0,0,0,0,0,0,0
banded_0097.jpg,0.15136888902582737,0.3276620290053103,27.79179711847563,27.455489229648656,55.090370451426686,-27.634818811983166,55.72775891655351
banded_0098.jpg,0.5468227712028733,1.28307951536961,4.941649276922206,5.876819507136876,11.57757331794763,8.152135150061277,-11.35178833274732
banded_0099.jpg,0.22175427229811448,0.4788328603832555,5.1367278067568005,5.099103572647363,10.217023113979632,5.33909348925877,12.59257605501137
banded_0100.jpg,-0.2440217285675478,-0.4841042714092867,0,0,0,0,0,0,0,0,0,0,0,0,0,0,0,0,0,0,0,0,0,0,0,0,0,0,0,0,0,0,0,0,0,0,0
banded_0101.jpg,-0.08868483348996607,-0.09137419922619258,0.7795470827360579,1.6896663330644839,-3.5749094868541684,-1.9894068671403982,2.9354048481984876
banded_0102.jpg,0.4900188490261612,1.565028005465882,3.938525087117092,5.802986391119903,10.775700630157964,-6.6097296869310584,-10.886895754205497
banded_0103.jpg,0.19971087967826387,0.5483504487892179,2.4767064552838085,2.743573185692261,5.366985953341072,3.223842684132055,5.967209151805641
banded_0104.jpg,0.03267015035965835,0.14394690711234528,0.9813142759180661,1.384841172211804,2.6051298086391768,1.595664343127075,-2.9693007261021562
banded_0105.jpg,0.48737958463717557,1.4297185067765696,4.2108406769748195,4.340900319230075,8.640424175794516,5.066829170055823,-9.109920903796937
banded_0106.jpg,0.12217833286467213,0.5113374057083019,1.4183766236232376,1.2759159078769629,2.623284237688916,1.5328625714764017,4.11831121432064
banded_0107.jpg,0.07007730204510251,0.3518607972766823,1.3204310493405305,2.1958098112980133,-3.953931630525913,-2.371814289682407,-6.5509712559818025
banded_0108.jpg,0.05760280851596438,0.14156713491647988,1.7278855902018493,2.6578778076612335,-4.86825731173056,-2.7353887591956894,-5.4063350331310485
banded_0109.jpg,0.1743865079369599,0.48394311440255877,1.7106347249288119,2.4632896290235964,-4.63096776592038,-2.7678143939704154,4.8042585475026005
banded_0110.jpg,0.7598422169865741,2.8782537485108057,4.800564039878955,6.136930002431352,12.09198126339693,-8.700448079473356,-11.630132243169838
banded_0111.jpg,0.5824279394706794,1.6858404612241926,3.271307466669888,3.7283017566486936,7.493544798495381,-4.905142873883395,7.303865757715005
banded_0112.jpg,-0.4844677014421969,-0.14920451374015856,-1.456840904025013,-0.6213105015420727,1.6192076700447475,0.6458863192058543,-1.2790804930309734
banded_0113.jpg,-0.7579248652015569,-1.515161808772932,1.4517595620898929,1.5189414586341552,3.0043888168323174,0.7876115385249431,4.679672588050472
banded_0114.jpg,0.5812894063412323,1.4235413594883626,4.52147419185941,5.109317312764542,-10.53596268298211,-7.188882955840574,9.938128394609347
banded_0115.jpg,0.24434616014767732,0.7341019323671812,2.6155878654690854,3.278921582463625,-6.33669802994546,-3.7082540801259922,-6.42575169110187
banded_0116.jpg,-0.3130100400534453,-0.3946718576858006,0.8859748304952751,0.46390550494472177,1.1396379045591727,0.2674451186049351,-2.358192664661249
banded_0117.jpg,-0.20532159046600942,-0.3805041056134952,0.17299851301850477,0.38323534930529474,0.6639034166760487,0.2361792576878935,-1.6276369341460442
banded_0118.jpg,-0.14377791623502634,-0.2746629745503741,1.1584094215556675,1.2369078829762605,2.4345666238973345,1.1041356294873275,5.629091851307922
banded_0119.jpg,0.6817574484267298,4.166629194399656,4.658461559589642,4.701341114169256,-9.686671283669375,6.818413880841535,-9.442265121960785
banded_0120.jpg,0.5102463991151639,2.876620338282821,2.8438600184464873,3.3208748577671767,-6.4557607946060465,-4.760640253324948,-6.737193561485748
banded_0121.jpg,-0.00820263021778874,-0.0046043459173950845,2.532988459413371,2.5996441207392533,5.166006931003683,2.601620796284657,7.000540097184958
banded_0122.jpg,0.7771868291455081,3.9836050817782045,6.8352013690029025,7.69187797200266,15.226920127685663,10.054181477428594,-15.028694639988059
banded_0123.jpg,-0.4326605491002934,-0.8512758322242329,1.575225022183798,2.0425624993490548,3.895421679447241,1.7835378084098004,4.219889744323462
banded_0124.jpg,-0.23151400887125065,-0.3606743449244097,1.4165976336728023,2.268195312735539,5.060010430902243,-2.427427431657988,-4.11335028349301
banded_0125.jpg,0.47480240599278367,1.6084107031883565,3.299176785472113,4.355436479896193,8.338298931471872,5.519581616038494,-8.328331656284266
banded_0128.jpg,0.16999800589819364,0.5488916525143207,2.130073797159214,2.75827823815185,-5.3725379864728415,-3.1051281484333666,-5.33501914167649
banded_0129.jpg,-0.1184586881379005,-0.2280351258283794,1.8604087852120925,2.806481446374443,-5.166450464967687,-2.7093595473977476,5.609611981913015
banded_0130.jpg,0.3825033156007973,0.9388686033335892,2.1320622355038994,2.3682636694535266,4.627105126465647,2.8551561516158483,-5.321906133001149
banded_0131.jpg,0.2846105602463014,0.8261288748346864,2.9479659938482046,2.71155190101645,5.54835789866101,3.3437153222094405,-6.289198319426398
banded_0132.jpg,0.005478161071409241,0.11764014450239031,0.7533237181030603,1.2346724041108375,2.2357200524103513,1.4635886304569017,-2.97648103758286
banded_0133.jpg,0.7734378430262686,3.1377218623601917,5.279636844683523,7.129963396114245,-13.777714760562125,-9.219915759108671,-13.365015410224727
banded_0135.jpg,0.5107885624422455,1.5670421365249125,3.3708652832272317,4.265645803555009,8.086196635309006,6.0399222951423015,9.073006510637969
banded_0136.jpg,-0.5458069649671828,-1.0847999273094082,-0.14376452920146654,0.2811452293380567,0.3907640844032744,-0.0200310821455375,-0.7323427142881991
banded_0137.jpg,-0.16118177688154514,-0.30992277989354045,1.4673758091942821,1.7969071385309623,3.444212563750344,1.8065969933415849,-4.014557433966137
banded_0138.jpg,-0.03171436328308685,0.04458256550214898,3.4938618755474686,4.264407731390577,8.143570343233028,5.105472527621946,10.089845803312604
banded_0139.jpg,0.5788337847037179,2.800509455593819,2.7569090666768594,2.7743833953207186,5.540686879910525,4.212911101511822,-6.79986884423034
banded_0140.jpg,-0.08552847008721308,-0.15674940331940213,2.8963048025582596,3.4769628425546806,6.6715834434241055,4.077806594463519,7.384769157331385
banded_0141.jpg,0.5079612598392685,2.0962070798124106,2.0881095332741153,2.921097099129238,5.652035558485141,4.5585824375227695,5.520126978416293
banded_0142.jpg,-0.28834466184332375,0.28385732758951054,1.358886297700728,-0.021074668777860187,0.6486104449453477,0.12169860247233391,-1.870745704184114
banded_0143.jpg,-0.3810718119650053,-0.7087899888701088,-0.3686202935832562,-0.09558731352571605,-0.309631005509779,-0.3508576725378137,0.22129329993460894
banded_0144.jpg,0.03855919703946784,2.5934541468272636,1.5794125137691706,3.1284378986999943,5.482892449823753,4.478195354464582,6.78913551926928
banded_0145.jpg,0.42955990352103984,2.9233586671930736,3.2654157396086343,3.9495089764455695,7.560069536205802,5.641659221835216,-8.481340905037738
banded_0146.jpg,0.12294743796808907,0.2700356355240715,3.4555003285988337,4.07387381608507,8.030669407547506,4.956265287920439,7.954183076713334
banded_0147.jpg,0.2755096535452691,0.7409226376469064,2.0166319150695915,2.026106877791462,4.047476281281615,2.397744267776345,-7.79146257022549
banded_0150.jpg,-0.09367418457309176,-0.1793497722206209,4.477264154215706,5.3592476738848704,-10.646771962449437,-5.455515223518269,10.321282080400458
banded_0151.jpg,-0.19746684531046116,-0.38450158510667887,1.1177759553789113,1.1049576023419154,2.216324394659558,0.9127265533306493,5.820223719084804
banded_0152.jpg,0.48857040004074564,1.1945674289106314,5.965669131457134,5.896094069409504,-11.83226026479317,-7.444327055720064,-12.636483913760914
banded_0153.jpg,0.0903800794866957,0.19958629419482699,5.617844020437066,5.597593921082884,11.206157003761534,5.702585613692967,-12.41091195267146
banded_0154.jpg,-0.6363119077801136,-1.2719770400984827,3.227799196937402,3.329451246417674,6.608455786753818,2.7228037426231833,-7.987141154592444
braided_0002.jpg,0.741249396336101,2.8999979705332626,3.871241242686385,4.884739835030687,9.263267139749589,6.350451159417121,-10.566483416434169
braided_0006.jpg,0.7766839339247041,3.709055645070425,8.188830322979474,9.566136484876989,18.446352161504688,-11.980606773907894,-19.39509972915151
braided_0007.jpg,0.7425811729537557,2.3096212619547165,6.974989185950628,8.269895855555326,16.633185735769803,9.511025676071508,15.899621579788969
braided_0008.jpg,0.7678978859239913,2.89195404524013,7.498978478260756,8.163324369177147,-16.798341084484687,-9.824865741511493,15.999901269723775
braided_0009.jpg,0.7462881833597043,2.563999113829519,5.0386359836714325,5.589133554445064,-11.059205582578466,6.874763706041949,-11.048005465249126
braided_0013.jpg,0.7497901140848585,2.5257952155837193,5.756109874563054,6.327900037217992,-12.449635619449769,-7.592048846840798,12.62611645443563
braided_0019.jpg,0.7761702476241685,3.7100993972052816,7.205902284892465,8.59948101385886,17.472847505109243,-10.766655988536108,-16.504672444535416
braided_0027.jpg,0.7778450988056863,4.593333484618506,7.833353102752646,8.85126922072866,17.308628847178298,11.744186425713744,-17.386507493680604
braided_0042.jpg,0.7665990351863041,3.0256263299419413,6.797113144831776,6.613659205238921,-13.347050165551675,8.653990123511887,-13.777658341036217
braided_0050.jpg,0.7741144534347444,4.7170393860232975,5.052977575516209,6.628838644642214,-12.47164998848646,9.00040728372665,-13.499328767437277
braided_0061.jpg,0.7697081189153537,3.0993664566936143,6.249705573419767,7.113878021301341,-13.882504166997343,9.054106239059449,-14.036673468969433
braided_0064.jpg,0.77777076603699,6.341606041147888,7.843102243182918,8.57289210318428,-17.902264410345836,11.891536130067891,-16.782134503801473
braided_0067.jpg,0.7757953933122095,4.259103858556617,6.0835993414043585,7.573187286143851,-15.315516577610579,-10.756461697613354,-14.404832447260254
braided_0069.jpg,0.7355915945009197,2.657737777492735,5.906029580267245,6.094104475603663,-12.406096473092472,7.989389643404375,12.15312739333526
braided_0070.jpg,0.701275687324541,3.546303904912907,3.9326354704865034,3.990997065616443,-8.683423975539242,-5.894905574010257,7.960454359211166
braided_0074.jpg,0.7782177767825272,8.368971656067876,7.943880841428039,9.302283387340779,-17.925371901207413,13.545694941530314,-20.190673440687522
braided_0075.jpg,0.7435949576531369,2.31708991506118,5.781594310297976,6.720439962707565,-13.8949642437143,-8.12921820170229,12.97456771901804
braided_0076.jpg,0.777404492347279,3.975957467388784,7.432735133865261,8.695512926318962,16.84993780654695,-11.143560399244002,16.993756215151873
braided_0077.jpg,0.7770736728897965,3.929572388157145,7.957858077682957,8.946768084049225,-18.349799511976844,-11.50123632934872,17.401823096840566
braided_0078.jpg,0.7715905159286912,3.106072625565308,7.788864180263205,8.355565516653028,16.515701729695397,10.797507091181568,-16.666589735897865
braided_0080.jpg,0.7439732185439291,2.306295042268267,5.884448177031852,7.313087404047396,13.91251442286827,-10.380553918368966,-15.17104396787904
braided_0081.jpg,0.7754567673278996,3.6050417178172234,6.9506113892369745,7.943026577115119,-15.390019137094376,9.768944184527092,-16.938563657910386
braided_0099.jpg,0.7544154552488365,2.9985679752855807,5.555549182882211,6.631743789953476,-13.596598387254316,-8.369936689733679,12.729355772730642
braided_0100.jpg,0.7748330109865439,3.36936209963539,8.121377956394737,9.1398631012357,18.062740552555614,10.942747466650895,-17.83595792982761
braided_0101.jpg,0.7522809468280692,2.850570375329923,4.430983472818881,5.819309840025509,10.954445131258499,-7.596412747038821,11.618055759686678
braided_0102.jpg,0.6763705392787022,1.9477122360992307,4.289140166283104,5.281264172839433,-10.383317881632689,7.181317542451929,10.123908063838352
braided_0103.jpg,0.76090632408562,2.8448908863499303,6.155570180777419,7.089583479590539,-14.069487488975511,8.601197314841135,-13.75869823914399
braided_0105.jpg,0.7786259176037285,4.941416648703871,5.574612173015524,7.043769378847568,13.45852261446969,-9.536430952448494,-13.56022976194527
braided_0106.jpg,0.7592953926385513,2.6284518132637817,5.822120399540152,6.7669603174999295,13.454693213553716,-9.19174709710423,13.10027720073025
braided_0107.jpg,0.7732719925207263,3.2293974206201375,6.610765448406037,8.180981874657103,-15.781487053783412,-9.900525292465788,15.68408594532874
braided_0108.jpg,0.7534518897609861,3.2004682331045027,3.4199870003736668,5.333482143271048,10.247401458171838,-6.94399657907284,-9.729331039468416
braided_0109.jpg,0.6617610250509662,2.376407695673174,3.678181871337108,4.125824529030079,8.15872537173693,-5.534588284437269,8.199909949741544
braided_0110.jpg,0.7184545865329139,4.58740743570562,4.394881496403355,4.518343211057675,8.988183454333315,-6.925133751633879,9.589167813536555
braided_0111.jpg,0.7469523174389696,3.1296692209807544,3.8649689067524116,4.8782800803027335,-9.755365260819142,-7.2475488885153245,9.2721849667065
braided_0112.jpg,0.6130230772803944,3.1691025286887706,3.742249784254693,3.520821612440348,-7.32963472796451,-5.129572975909146,7.279049279994397
braided_0113.jpg,0.793776862612967,3.598770125963449,5.65120491287246,7.785417448764271,-14.50382278864891,-9.587299033406948,-16.1852217936402
braided_0114.jpg,0.6380261400080295,2.266500315379416,2.9361179469377965,4.540059981898191,-8.475845109653598,-6.715317176021851,8.389926718976705
braided_0115.jpg,0.6874213599378715,2.0197386359554974,3.6690144670221874,5.115864126934976,-10.069470107855734,-6.592069579416115,-9.525338523906887
braided_0116.jpg,0.76645496839929,2.82208225824474,5.9404453384460645,7.491261522559845,14.311868873311566,9.291226900341417,-14.41568240123009
braided_0117.jpg,0.4204331668630738,1.4407268039141161,1.8012910675865361,2.537773497699505,-6.430427768031677,4.26984805513003,4.707383510235161
braided_0118.jpg,0.7425185925541525,2.3788146380451614,4.576423330747959,5.548202404845991,11.473572390879928,-7.377602007790697,-10.614633897097573
braided_0119.jpg,0.7262563801321786,2.799004817104114,3.32395440894401,6.459571297560426,11.655650342635637,8.282809234361602,11.41271907972087
braided_0120.jpg,0.7571101739852296,2.6774657524565835,3.7581296930374815,5.427678891271214,-10.02825301353605,-6.96249563380861,-10.750391096566373
braided_0121.jpg,0.759469587496681,2.653784422488895,6.239000219439943,8.125055398381077,15.467630294791785,-9.555437089037325,15.448009197924884
braided_0122.jpg,0.7691618042892638,3.6097870901113325,4.475501520045561,5.256576297348365,10.125973861500857,7.554738446184717,11.029586799836627
braided_0123.jpg,0.6657545247704668,1.9892658611746639,3.580419498951008,4.495435402924784,-9.102936205735611,5.690571897771931,8.549726046960794
braided_0124.jpg,-0.1487190160130753,-0.16856413697419587,1.153100929950215,1.552241824550791,2.9233350338378328,1.8649129498474781,-3.449769752564331
braided_0125.jpg,0.7540438395694882,4.073411233927578,3.94245578100867,5.77726400939164,10.906303862391358,-7.84619371904546,10.711340135109202
braided_0126.jpg,0.7636545569854997,2.876799352124228,4.109067041223857,5.5957729065322495,10.806003944982606,-8.046030093741027,10.494615314377162
braided_0127.jpg,0.7737219196603464,3.3926590968385137,6.336418421618318,7.3652545555410756,-14.852137259540523,-9.068912754535846,-14.22801813093704
braided_0128.jpg,0.7529852816579403,3.2243749244530715,4.278990669708931,4.692251517283242,-9.241505889738571,6.358854982118138,9.47544784419429
braided_0129.jpg,0.7235925570943643,2.6959413256954026,4.26084976154049,4.051321629949672,8.226726549263113,5.440544651145752,-8.742377649250397
braided_0130.jpg,0.7494169713630859,2.378610440684113,5.694573560343426,6.162098799355331,12.091599041275598,7.4574926535615615,-13.226405838715731
braided_0131.jpg,0.7737603405696316,4.302274198055447,5.239845854322734,6.9663288784348145,13.081683795914032,9.120185892891813,-13.699519364220532
braided_0132.jpg,0.7585806934970718,4.296908053756208,4.215826110742529,5.784039695546961,-11.063139878690691,8.28496871326293,10.854247656841086
braided_0133.jpg,0.6180225001981371,1.6053233714261006,5.139070441450314,4.510085501733448,-9.421823971946338,5.37205237642137,-9.575005260445721
braided_0134.jpg,0.7432064628114212,2.4130604198881045,3.993258553742757,5.383981332627305,-10.13341656856957,-6.59488856581107,10.37867046655879
braided_0135.jpg,0.7620158858030952,3.759878005252381,4.93802494325122,8.444588738251575,17.296294681640823,-10.354821082609961,-15.135905953486485
braided_0136.jpg,0.4496770928809755,1.3878676743647969,3.13645237349477,3.8003713915075927,7.270902861726727,4.500223364944947,8.275093666471983
braided_0137.jpg,0.4730062665523102,1.0718812064307488,3.9285591119640513,4.364841732100974,8.552696008647898,5.068052602107099,-8.892966098318658
braided_0138.jpg,0.7534120130615328,2.6473258341693313,4.2752530981656705,5.132123920035146,-9.835884647221159,-6.464405802225542,-11.574902709128256
braided_0139.jpg,0.7694426826192918,3.3260655021204952,4.88407031053533,7.160031287563398,-13.213176932535676,-8.832452707081368,13.619476965718833
braided_0140.jpg,0.7813951993146417,4.256136095266997,5.31372482723035,6.667071880095158,-12.666872388582389,8.854650760885018,13.343917807577112
braided_0141.jpg,0.6134901020655446,2.260321131505665,4.327165461311352,4.391747285828739,8.808341596715938,-5.565254878220532,9.069061421904816
braided_0142.jpg,0.7670418556213526,3.0585270093850982,4.1244203943569975,5.340699181315724,-10.117500296332892,-6.871269104549411,-10.4404672771526
braided_0143.jpg,0.7779435829312353,3.2010039771535257,4.307373975987344,6.224433407464429,11.583365954454107,7.836511162714602,11.719261760486164
braided_0144.jpg,0.7409053104370783,2.305914511156365,5.554767530461251,8.663009792500898,-15.801860468655184,9.91097714951217,-16.216798883438
braided_0145.jpg,0.4542920680404768,1.903401322205218,2.9325350580459792,2.9749483973740207,6.020386493774668,-6.675806771734272,-6.160128401685362
braided_0146.jpg,0.7741898603094075,2.8761344695108613,4.689344218825263,6.284088111742711,11.802070246377356,8.10101772591281,12.207090926587469
braided_0147.jpg,0.7580718675047202,2.6390394350326587,7.081454172222594,7.9655915592191695,15.638605173343601,-9.297197481910814,-15.640658526329364
braided_0148.jpg,0.7543121899365101,2.6018422023388688,4.0569672254525,5.225033385124848,-9.868802428947514,-6.526681172196924,-10.814652774022594
braided_0149.jpg,0.45818775220409913,2.350567779664722,2.657306613513897,2.632804614184166,5.581416589102859,4.039870256608944,5.339493964275138
braided_0150.jpg,0.7105612518415919,2.351425713656835,3.283200528528446,4.381317723105122,8.899867826770448,-5.656281120015458,-8.22298593566224
braided_0151.jpg,0.7751656049459182,2.923794488712091,4.691614209209597,6.331996147366732,12.024695666823504,-8.159378119805714,11.967670167979758
braided_0152.jpg,0.678743896183575,2.7136847884141195,3.384242013382468,3.2091816000193156,6.5081369247079754,4.772344134729948,-7.499926579764477
braided_0153.jpg,0.7742552620164197,5.253708271144843,4.424230554668929,7.6543577125034545,13.823382907935544,10.290565411790512,-13.867152695816712
braided_0154.jpg,0.7042633092732463,2.507985609516426,4.950705544546213,4.065583399244353,-8.772681707745825,-6.020760502926683,-8.684663025103168
braided_0155.jpg,0.7633002717524355,2.7091509058346097,4.760744887852136,6.443054297351311,-12.130102394069686,-7.805025267653849,12.289427370194629
braided_0156.jpg,0.7032289682869397,2.0968642859033797,3.3712666777092912,4.245232317068483,-8.064694357091982,-5.297759197030282,8.702589066789907
braided_0157.jpg,0.6755758498180524,3.900734674342754,5.5798864009523905,4.4258331797266015,-9.665827455054163,-6.47461219727414,9.5174551986182
