003_0002.jpg,0.749169358516233,2.322268472904019,4.054438035986045,5.922978327058178,11.108860117876299,7.176743814995171,11.023816789704776
003_0004.jpg,0.7639345589343204,2.5333525713867076,3.827043314403073,6.150534958286277,11.15027328276975,7.4255951627334955,11.793461884139596
003_0007.jpg,0.7774814334370648,2.713927823521018,4.59108786426555,6.349142366333908,-12.069488285872694,-7.968275905507958,-11.901695092594016
003_0008.jpg,0.7726387986720384,2.641691533559833,4.8482645686133585,6.062506983996051,-11.751486884006516,-7.690746774492304,-11.608464898494958
003_0011.jpg,0.7491554811155113,2.424598103768119,3.357333000622447,5.020150492147141,-9.26887419620242,-6.570470331209999,9.517560135462078
003_0017.jpg,0.7523935767236172,2.5713433034073607,3.169351909054622,5.459243443277836,10.165594028139623,6.997626237692259,9.812541153157657
003_0018.jpg,0.7744719318919994,2.686528549710959,4.023681101523129,6.234351779879052,-11.411570692691901,-7.829396254302634,11.71386630748762
003_0020.jpg,0.7664436457083362,2.5646597941343146,3.6421874138474,5.513012565787384,10.30418041912625,6.9622132476947405,10.19232319962249
003_0026.jpg,0.7573518162528099,2.437768076681932,3.3722156826102183,5.1354097699838945,9.389820939110948,6.354545740062653,-10.669387472784953
003_0039.jpg,0.7638859779719408,2.5612265120692155,3.3602294457028887,5.054589283268099,9.268771163703033,6.3414409745762566,-10.018378244327105
003_0043.jpg,0.7321880764641043,2.1695117409062443,3.2971149448946533,4.620302970806879,8.589630514533733,5.716083650234347,-9.239643402459158
003_0046.jpg,0.743203467575073,2.294023953052349,3.59887463499635,5.191862010476615,-9.73191576974561,-6.342675764101242,-9.743735721009141
003_0063.jpg,0.7694866663291606,2.513528226245164,4.506395605193341,6.453372128884207,-11.97885932496785,-7.710761552544102,12.294537640955161
003_0067.jpg,0.7487063511561068,2.285798039151304,3.474689153875458,4.751080280220587,8.891671819967511,5.915829649407841,9.324754921877117
003_0069.jpg,0.7264628733115052,2.203673542135497,2.9545333759166934,3.900004897884882,7.35214872156348,5.052168928260689,7.810091011514309
003_0072.jpg,0.6980247915064302,1.881701667799364,3.526904989472424,4.644844942671389,8.875023576888124,5.766210029007212,-8.887629151556983
003_0082.jpg,0.768388742274429,2.730209345764926,3.30571583493238,4.998792051097546,9.152763135413505,6.365520571028897,-10.202878139764826
003_0084.jpg,0.7684251575481013,2.59241373116356,3.7122624399462176,5.891631347382426,10.761192934253948,7.232801479962871,-10.97986567592144
003_0085.jpg,0.7829915469016803,2.888389148730038,4.1000869797849,6.2002174160298535,11.366437576788066,7.664869903893293,11.923750805946698
003_0086.jpg,0.7808292439210992,2.838928783640104,4.233281011162743,6.36685329083413,11.701409582159439,7.902623658129855,12.08347278921659
003_0092.jpg,0.7755933424631171,2.9547033108026217,3.5998864655547176,6.323951540932376,11.291850427287667,7.804557829963553,12.068884434603923
003_0100.jpg,0.7435744650751768,2.212596190059697,3.4471545432155293,4.669698195202253,8.757036018540802,5.814133259345904,9.180262116337737
003_0111.jpg,0.7744621031324891,2.6937583609666507,3.836644398182107,5.541384789444199,10.401978995689943,7.020865351238441,-10.361713683679618
003_0120.jpg,0.7679682694599764,2.7713279752510087,3.3486387755591362,5.2185381415459355,-9.507201010528672,-6.6717544928352615,10.320343226728715
003_0121.jpg,0.746009176823637,2.318878552904805,3.9602936249169485,6.928715363384679,12.402775228918195,8.809972255945032,12.82088890361555
003_0128.jpg,0.7594087450961731,2.422967516856283,3.920537932670514,5.64357411394059,10.466222211909276,6.8827041997014256,10.809766632771206
003_0129.jpg,0.7731342997992129,2.6999018710020954,4.140466499544936,5.297842402043578,10.134311545400422,7.0325643318322895,10.206720724397638
003_0138.jpg,0.7682716966043213,2.699576068713587,4.0471531612539655,6.2539335019398425,11.666114166751324,7.620151061212549,-11.481843028497956
003_0141.jpg,0.7735310546276974,2.7041364285796483,3.5845708883126393,5.351770652344337,-9.996820132559305,-6.954134425996927,-9.946949764129075
003_0143.jpg,0.7806863575294698,2.891914832286635,3.924421092913406,5.859835470039352,-10.829703280197526,-7.686706728749724,-11.012731331258644
003_0146.jpg,0.7534441492093097,2.3445457099151215,3.5193600106453036,4.937071535420415,9.1690120271091,6.1126758299507795,10.049977426436776
003_0150.jpg,0.7447717632250745,2.2828434976406933,3.5855059235715503,4.952547041393697,9.61989617292992,6.43801768443773,9.25936107334791
004_0001.jpg,0.7781512503836439,0,0,0,0,0,0,0,33.48658175749975,32.08864174882771,-64.87625350199144,0,0,0,0,0,0,0,0,0,0,0,0,0,0
004_0003.jpg,0.7781512503836439,0,0,0,0,0,0,0,33.48658175749975,32.08864174882771,-64.87625350199144,0,0,0,0,0,0,0,0,0,0,0,0,0,0
004_0005.jpg,0.1591348101288043,1.153021021886883,0.6353505012836025,1.2789764299058624,2.259103409868751,1.9019071381871528,-2.735378459170798
004_0009.jpg,-0.11215754570883352,-0.21541701514986217,0.5867006438560057,0.60765276035185,1.2048295307543795,0.4999941171694862,-4.456000748574889
004_0015.jpg,-0.0360400006973488,-0.06050516074278695,0.8071865776961249,0.8272798864816737,1.644513121741095,0.7970285784277403,5.5623248967776115
004_0017.jpg,0.7732449639339553,3.197388391604146,32.11268468526491,32.11268468526491,-64.44721812014618,33.93322763068334,-64.32227938353788
004_0019.jpg,-0.34814706433062514,-0.6915886891720062,-0.0006088012623765934,0.017995314634884206,0.026689412420049373,-0.3273654420694944,2.7326426142453455
004_0020.jpg,-0.11814521277103578,-0.22722619846059516,0.6031411627204898,0.621624536030473,1.234007419156188,0.50803563985993,4.638246168037833
004_0021.jpg,0.08244667567880465,0.18399673703614383,1.448855739341773,1.4910972532425495,2.9610741127729154,1.5831780407156317,-5.849355328493998
004_0031.jpg,0.7790307780250365,5.711813472615836,6.880303428743603,8.026480919330373,15.479878435615646,-10.882524125691587,17.784390888085877
004_0033.jpg,-0.04708125790596586,-0.08205739678377517,0.7124944252611627,0.7380111750267213,1.4632641353379447,0.6970402152551243,4.529354310927624
004_0038.jpg,-0.10927668171183988,-0.20913819477744736,0.5798977269873381,0.5998618986625909,1.1897417119215936,0.4952928018089823,-5.539354910513275
004_0051.jpg,0.7781512503836437,0,0,0,0,0,0,0,32.351944169863366,32.351944169863366,-64.70388833972673,0,0,0,0,0,0,0,0,0,0,0,0,0,0
004_0061.jpg,0.10087789171663347,0.23027811986121735,1.589587210876599,1.5892221563481277,3.178670711078298,1.7063044346135325,5.0259365829290195
004_0086.jpg,-0.10395237484447425,-0.19771413982917652,0.39322975868600535,0.4158539752334043,0.8203958422373623,0.31699690578772055,-5.665801062225678
004_0094.jpg,0.11840631679143372,0.26365231716944837,0.8996431632115776,0.9474847406289417,1.871048743339859,1.0793164821207581,5.186533957336534
004_0098.jpg,-0.1368261889946974,-0.26541247980149146,0.9254942587668598,0.9378325139819943,1.8694959149835926,0.805127365334552,-5.455292890835901
004_0100.jpg,-0.07732173506508024,-0.14505357644612624,1.0335455611846371,1.059941922879271,2.106686740657853,0.9878274275768989,4.759208363886554
010_0001.jpg,0.7652620336118309,2.5680686630743432,3.884242447056066,5.674398725024201,11.031720178961368,7.83618019296853,10.469436503670835
010_0004.jpg,0.7559968425428605,2.7116161374364895,3.991869124291859,5.080283259895803,-10.625024439733632,6.45103240434845,9.618456069801372
010_0005.jpg,0.7550808090022879,2.4731467247189896,3.679893684604824,5.354811309416598,10.491152272973368,7.022076604296479,-9.885095177749339
010_0008.jpg,0.28523060772602704,1.6387732549987546,2.7214526580808984,1.9474869953188345,-4.37473194223563,2.7710681681349407,4.5113567101643035
010_0011.jpg,0.7783897772956977,8.33478572562465,7.797248041073838,9.509951957900343,-18.16392979467962,-13.792811343329259,19.543465596377654
010_0012.jpg,0.6759384856657028,2.449103329185551,3.5421416179873084,4.260706577663944,8.81958196508943,5.60810595771464,8.172909870841565
010_0019.jpg,0.7553202835125554,2.6198239051392433,3.098117138528554,4.722941619439481,8.866461289822713,6.309920922123777,-8.724356313347911
010_0020.jpg,0.7008591128854301,2.298628186268936,2.9840776756374896,3.7136901208277164,7.400954256747157,-5.565954331248821,7.113896275444999
010_0021.jpg,0.7124018222558249,2.4534288415465917,3.014497372160544,4.641318039310379,8.75833795143791,5.874700445310278,8.535817633055771
010_0022.jpg,0.7825336764395636,3.3550012818079367,3.5328859169750313,5.6122782974210335,-10.394885384399744,-8.114023886876803,-10.288715582616984
010_0023.jpg,0.6386832854370211,2.5172777554671693,3.1339159253975484,3.5782568476878756,6.9494342476037145,-5.345533621437947,7.520862999537841
010_0027.jpg,0.7721320352549192,4.170064490763962,3.6928091032654575,5.362840836705572,-9.937970202355903,-8.191241754687466,10.244815207068982
010_0030.jpg,0.7669285958958579,2.955546268104483,3.3657954228584424,5.1925451442660355,-9.643337857768325,-6.823995926294352,9.602994164105187
010_0031.jpg,0.745245272255403,2.7528206797097536,3.33570333453961,10.789267128466271,-20.12969977794765,12.169632615664069,17.85175839758562
010_0032.jpg,0.6513767790815761,1.9943316970797214,3.250118232594027,3.6910262232491258,-7.407887723292541,-5.029325829543961,-7.2458805225167096
010_0033.jpg,0.7628125824106151,2.670879950466131,3.2618264259495096,5.014758488362379,-9.153908985662264,-6.350983607477956,10.355103178608134
010_0039.jpg,0.590827257479579,1.5915673960938737,2.8908436155468906,2.8584270110847134,5.7332252249439755,3.6547541952890708,-7.2955596608076725
010_0040.jpg,0.5033791482869835,1.5966393180001268,2.785694598178621,2.8283758491559152,-5.780716057222341,-3.655913332664206,-5.7912641673289285
010_0044.jpg,0.7745035222128349,3.029455144133426,3.37369073135807,5.402454192985642,-11.432215948326979,7.752232163448432,-9.790639761987618
012_0001.jpg,0.6191625083701161,2.126111197325614,2.441091124422351,3.3751554984623913,-6.2841508100293675,-4.439030135499112,-7.481833548385637
012_0003.jpg,0.6794650723286731,3.2828672584920593,3.669498391246452,4.197478071091861,-8.13760641970536,-5.872664767557943,8.891567178143086
012_0004.jpg,0.6931035480851957,2.093976901303881,2.8177280395924047,3.7180742737235253,7.758484237561683,5.623788565242497,6.9922560454737255
012_0005.jpg,0.6687897971781992,3.117761402430883,2.8519039275084928,3.5782848874157733,-6.797019151252106,-5.138128011074804,7.68303171519057
012_0006.jpg,0.7172725975696799,2.1351541703600363,3.2292552217423,5.163663164994788,-9.582782126325744,-6.431688102535808,9.456577501167187
012_0011.jpg,0.6500689410838881,2.3924141645910293,2.7145814317552865,3.760887530151884,7.399159841386575,5.250240776722179,7.035991049279053
012_0016.jpg,0.6480246151771657,2.3819257720765643,2.6196280532004264,3.3856261814873534,7.129794169361288,4.8069257618411845,-6.395512886213923
012_0021.jpg,0.6996199618951029,2.285890112001369,2.7266491551662795,3.8414093712960904,-7.126097814542797,-4.985118469164625,8.384643282824316
012_0032.jpg,0.7293531312443068,2.1732700664227553,3.5946533719083535,5.444887006678435,10.645109464735325,7.856286681133046,9.974328503453483
012_0038.jpg,0.6836009006200968,2.3259162503851685,2.90876412227324,3.6771965640602122,7.407832181821734,4.93842466602835,7.001231691119335
012_0041.jpg,0.6960215667286168,2.0897168417885137,3.5793694917879653,4.470402416716081,8.70334640451228,5.518450475805907,-8.600358715825855
012_0043.jpg,0.6556340938915226,2.518023916142634,2.830291399547885,4.119929234483427,-8.117134849885367,5.416116318421792,-7.615596492920005
012_0045.jpg,0.5924466306361533,1.7152250469304435,3.206695054739138,3.513035991941466,7.034208889106901,4.409074143311502,7.013135224845795
012_0046.jpg,0.6818006239343616,2.432560666820704,2.868038915660927,3.796073377302653,7.4245790646349565,5.014046176543092,-7.1921474358335375
012_0047.jpg,0.6380458677686766,2.980335892886094,2.6588814475472837,3.535706129115328,-6.633184637992625,-5.066611432768787,8.168211827198201
012_0048.jpg,0.6497774929414809,2.096219382933732,3.1993254645589424,4.037469003242777,8.067884594249898,5.086057652992764,-7.691145484484527
012_0050.jpg,0.6964472620586514,2.6714053678064626,2.9514617336807594,3.824727002188314,-7.24758418529749,-5.23966307760342,7.627790634785867
012_0065.jpg,0.7783784441422609,3.0346673859319826,3.604891404111561,5.833210445292054,10.5630724516248,7.360685917783682,11.209087068722797
012_0072.jpg,0.6918431391301383,2.1174385078331377,2.8138752434428045,3.734303240110185,7.365220584084336,5.047703793992704,7.055049867177451
014_0001.jpg,0.5243464398580748,1.2118404841412889,3.823179918353645,4.0492400456266475,7.986520732126594,4.6832214183658225,-9.139527501752587
014_0002.jpg,0.64028666645534,1.8198149524304914,3.0345890502872845,3.9517791066913,-7.485558644608018,-5.387863544276146,-7.82908321435266
014_0004.jpg,0.08332537966885405,0.36828535909424387,1.1448986897275442,1.001379879230361,2.0757670950699234,1.185529984566764,3.1954246390311463
014_0005.jpg,0.18262895549630606,1.0164880633498752,0.5766469469326322,0.6097639083736728,1.2031563988608387,1.118400639792026,-2.7354462637239734
014_0008.jpg,0.529194560790661,1.463424040329296,2.7208443563871234,3.5367203419780546,-6.666618191304336,-4.270364435705232,-7.8107025450026475
014_0009.jpg,0.7160988845933507,2.55293954639146,3.0237646709433275,5.26229443325925,10.17577551127007,6.608250131622402,9.411665268059085
014_0015.jpg,0.6686784060466703,1.7202548544110352,3.3082797708427005,3.9206381858893784,7.5450407658811365,4.795243561724673,-8.209655292496558
014_0017.jpg,0.06518549108042106,0.7076746450532522,1.7886351826269546,1.3752945726505201,3.4807456049695826,1.9157903292815688,-2.9776787728976153
014_0020.jpg,0.5297705667365114,1.7223090987236886,2.6275608902010763,3.3776942325424004,6.918457005436741,4.513493947444871,-6.399348869483251
014_0022.jpg,0.6370539616909255,1.6040167057960895,3.4018190168528273,4.187320480726603,8.259898268271906,5.5764463325132745,8.052609912469169
014_0023.jpg,0.755289789982256,2.4621375657658815,4.623751059290357,6.015815571894506,11.362794360728245,-7.628503278485444,11.800183575382114
014_0024.jpg,0.5271050937181585,1.2477485443197611,3.0327373973311356,3.3219182225711,6.508446760709335,3.997876567280421,-7.190296210841078
014_0029.jpg,0.7975760845038551,4.81733320493733,5.102720254631781,9.506428677136775,17.000684988173205,-12.123783598138369,16.928347950111043
014_0048.jpg,0.4928415041133337,1.2018887815512913,2.341020187331784,2.757543268920845,5.348544983557462,3.545628706413477,5.685556189361537
014_0051.jpg,0.05660039477194441,0.8513232938202681,2.2808295325537595,1.7531952033288651,4.126953500510913,-2.3618749421876064,3.816884657610239
014_0052.jpg,0.6501554301672713,1.6362087454537035,3.9284956216538705,4.294593146544657,8.40851157113945,5.13091763543359,9.387956565890043
014_0072.jpg,0.5127721390162826,1.1638755601864135,3.5413428413725807,3.780778763090274,7.441986453366493,4.364273122854289,-9.02679693800719
014_0073.jpg,0.4702715909033074,1.0522009947307507,4.415668937153189,4.626915170837541,9.149201512747618,5.188170589115554,10.318325256552159
015_0004.jpg,0.6060044145132325,1.8148435659715128,2.605278948476436,2.8571174368090535,5.599309120274543,3.766219830685312,-6.241598533811332
015_0006.jpg,0.45812012843694716,1.119787949400362,2.902178979769985,3.455137129743141,6.646899290545096,4.02999208242344,7.249987747323115
015_0009.jpg,0.6881497363139292,2.5727635151618986,3.6779445576108936,3.7480623561948603,7.46201694475786,5.034514476545395,-8.640798044067
015_0026.jpg,0.6442678095953536,2.268524163546954,4.204322692103944,3.4393650339777926,7.428240820556749,4.575429201581146,-7.396374980674704
015_0031.jpg,0.5771479353587394,1.9791433551855875,2.7742483523828803,3.4861498869469614,-8.473832225988978,4.491776752252132,6.616390869553225
015_0033.jpg,0.6754871178475886,2.0543976567132236,3.4922681367097503,3.689477636780049,7.295680658892214,4.759259710777363,-7.863574661227609
015_0034.jpg,0.6401423453243512,2.2793207230479307,3.308519637108376,3.37931829939156,6.752913147307546,-5.097739835186531,-7.170081608431812
015_0035.jpg,0.6353065274765906,2.855389768267384,2.7496454229357217,3.985955343776713,-7.370541162652746,-5.417034015780146,7.918005235430563
015_0052.jpg,0.7229312028881835,2.367602369475531,4.286191363133785,5.875194182781575,11.449998243398896,7.275277421616845,-10.979429969965613
015_0053.jpg,0.6537487997919705,1.9863615371175947,3.5281280167140845,3.763661386201173,7.473545007892238,4.840201467896776,7.706090205501955
015_0054.jpg,0.7752982255598485,3.427149694906003,3.636789591634205,7.1477542568566745,-12.5458465586809,-9.284034698336976,-13.328831447868627
015_0063.jpg,0.607528000947047,1.7704465887399827,2.903986875126612,3.3077412363415535,6.4284865645842695,4.246516616523874,-7.00306056026597
015_0064.jpg,0.7122391168401454,2.506277730231659,2.6432798883538693,4.578791425170422,-8.2011377045386,-6.0541303132405435,-8.837091748190133
015_0065.jpg,0.6151165943723972,1.9521174570815258,2.8065300274313474,3.9348795209880656,7.306839413392198,4.91304078115949,8.425246397219686
015_0070.jpg,0.6583084102985758,2.2510942783348558,2.887936792805043,4.613194481932827,8.382665492698349,-6.216308525251075,-8.903228757241218
015_0071.jpg,0.7083252530236852,2.3516716063437175,4.496744799233968,4.282754393045219,8.682006785218457,6.394094353006536,-9.356689513870682
015_0085.jpg,0.6052454292782922,2.009664144708859,2.3754728618264913,4.8329993508264755,8.530068010510222,5.856853303212291,-8.6665276375482
015_0090.jpg,0.5814220998169221,2.1124230659254843,2.2627306904899576,4.191709462514671,-7.666658465312511,5.399225011757824,-7.502532210674394
015_0094.jpg,0.6153302137364225,1.7211607105668332,3.4505638022334004,3.926933412934368,7.675607302385265,-5.7865946683498946,-7.924528157159164
015_0098.jpg,0.5500116858588949,1.926719448799175,2.805021355488113,4.694865582360009,8.44493431890418,-5.865837692595488,10.064329426613739
015_0101.jpg,0.6273557377806747,1.8292305256847532,3.1879083538944792,3.941235893627339,-8.393087407635798,-4.986812347886568,7.509488209837764
015_0102.jpg,0.7225040075910006,2.992205714388635,3.0978830145396183,4.512887051752776,-8.331618682708287,6.046833954872289,-8.930603075672572
015_0112.jpg,0.6973153365557527,2.749894537960029,2.7172179847924967,4.334437341456504,-7.875222279693672,6.862646553294133,8.448651632871677
015_0113.jpg,0.7087732889893257,2.5235445185646994,3.562053584760199,3.946282113899383,7.832933646250956,5.229055831892355,7.870630251548939
018_0003.jpg,0.4613245338461591,1.3311278091449243,1.6469463984894628,2.6791435469619955,5.142101876695014,3.4686506215142807,-4.905031380556129
018_0030.jpg,0.5192814969766062,1.2453366866830364,2.31388749406494,2.379647727478793,4.726426882699603,3.0028638244292676,6.863611664574854
018_0034.jpg,0.494003453522103,1.1405092145797753,2.3148204114424025,2.563417043140667,5.002559536438144,3.1338408385843515,-6.982946710451854
018_0040.jpg,0.4556604563714405,1.5543032516542217,2.2243427176105057,2.2366683411700294,4.498633222821803,3.0168533184931614,-4.902215945571156
018_0043.jpg,-0.05399250607349325,0.14451076914096708,3.5533745939674675,1.2546059873400763,4.753421490220603,1.3391089052866076,-3.6600039803355204
018_0052.jpg,0.4386248224731792,1.0037254545890417,2.1544628923935947,2.405721273355469,4.685847688128907,2.907595133477568,6.5863587672627535
018_0072.jpg,-0.22897391074082885,-0.1801579762247251,0.599992670465626,0.7490395087013537,1.4290265282135821,0.6595351033206012,2.2256319016598343
018_0083.jpg,0.5362243323095954,1.2918181161029347,2.203484898106978,2.5362948765670374,4.908678652781596,3.1883566482522614,-5.877369123593318
018_0085.jpg,0.49770644467796843,1.1879235902219787,2.0552453295490336,2.3723435969555813,4.5886091038921455,2.9740951600495706,5.559309356661903
018_0088.jpg,0.42105452449209874,0.9391427199129628,2.293279396245121,2.4495890052813665,4.821023215712476,2.9191603803377113,-8.49673505708087
018_0093.jpg,0.6703953762669811,1.7957990007683606,2.8081755365830787,3.1441117784249633,6.120399716501271,4.042673302989778,7.7091008019031575
021_0003.jpg,0.5259768838732627,2.2438105193141493,2.932990375899194,2.3802401749871063,5.050445908364376,-3.523303213735586,5.645375352321273
021_0014.jpg,0.7881827957076356,3.6393269918572217,4.476108496165286,7.070717559921022,12.848589872153944,9.34684982561328,13.690100996884588
021_0017.jpg,0.18981221894313716,2.154129811698088,3.1963092605123027,1.9901609205950668,4.647552944348339,-3.0845912099476256,4.879440603204798
021_0023.jpg,0.752752336553216,2.3644581017551434,4.2931645972346155,6.21076011893015,-11.503688237541418,-7.7313400239791275,11.845050084290795
021_0025.jpg,0.4727352458942483,1.3241835676149738,2.3461783915301186,2.424523973218899,4.811140778090999,3.142269231519676,-5.927732724202928
021_0031.jpg,0.7873548234194536,4.2899279660824385,4.408460638165163,6.556032212773465,-12.304580751598355,8.961327378786134,-12.113678465998525
021_0034.jpg,0.7860504859848066,3.9933939958616116,5.37323273898072,7.22043625809768,13.604045627876108,-9.531584001297398,-13.758395430207216
021_0039.jpg,0.7655172525313695,2.504988714006958,5.2610503032562255,7.7904791718703255,16.01434470208825,-9.048919639132635,-14.316331134227552
021_0047.jpg,0.19125519787319054,1.6509800319171437,1.0727223993292958,0.983811576457428,2.040435623488779,1.8494162886800103,-2.468149382439792
021_0048.jpg,0.3609436647154386,1.9454125766059425,2.269893250114863,2.0165236265067463,4.444868753373348,-2.996363974136119,-4.227768655760793
021_0049.jpg,0.7793055587683017,3.0146461310908683,4.798236017753776,7.34557213926726,-13.41787040434372,-9.123761056782186,-14.788199529443288
021_0050.jpg,0.5833534378560951,2.0576825555832237,3.7412305701775512,3.0655111110136204,6.638269213666634,-4.100917429772695,6.602034527163842
021_0103.jpg,0.7873532787048566,3.6373066856395297,4.278447277287198,7.8909558860193565,-14.156917149317822,9.89214195192669,14.099245766033034
021_0104.jpg,0.7685922419190011,3.3189848265310724,3.9888418099181613,5.207085843118929,-10.647416957334348,-6.872010514428383,-9.809584348406187
021_0111.jpg,0.7836181793664648,3.390016917364561,4.626550770500052,7.110268792820221,13.616652141733192,-8.805289812041332,12.990497346323007
021_0118.jpg,0.7817841482165988,3.504701835103078,4.890139595981353,8.279698422795565,15.210495716569113,-10.106468411353227,14.913983556798524
021_0119.jpg,0.778425014949662,3.3813608084040143,4.892002583767723,6.086205661265151,-11.58185758179801,-7.7977278048920375,12.33890497697189
021_0120.jpg,0.77740892239088,3.226533705931379,4.129741732477418,7.509590660321983,-13.541569378750616,9.282898379316402,13.43172095453825
021_0123.jpg,0.7840628053668438,3.3864818195878184,4.5891196894990935,6.850432391674139,12.736527860529456,8.810010304371744,12.705991650641874
021_0130 - Copie.jpg,0.09015044701950828,1.6031435732125756,1.2413676639539832,1.3010569853787795,2.6469008769851308,2.110787187630836,2.840433262947815
021_0130.jpg,0.09015044701950828,1.6031435732125756,1.2413676639539832,1.3010569853787795,2.6469008769851308,2.110787187630836,2.840433262947815
022_0007.jpg,0.7607256157156573,2.634326052221608,0,0,0,0,0,0,0,0,0,0,0,0,0,0,0,0,0,0,0,0,0,0,0,0,0,0,0,0,0,0,0,0,0,0,0
022_0009.jpg,0.7620848929350343,2.6592218042730886,6.710178190008071,8.48566829908403,-16.818750488786396,-10.359468250273673,-16.091071427203893
022_0012.jpg,0.6707791940122535,2.293894718054567,2.251377201631366,3.622113505444999,6.558908040622669,4.769358907577444,8.381359106151082
022_0013.jpg,0.6236548747774797,2.774584515883336,2.820503461897539,3.537025325805056,7.380409826901204,-5.017965355757049,-6.726210327123842
022_0021.jpg,0.6913303993555863,2.1367669241434033,2.830579993793084,5.295055474261494,9.378137087618203,6.371451523711567,9.882942224650455
022_0022.jpg,0.638699586230426,2.0478292448823683,2.1033638839715945,3.7089152515170363,6.631491834767745,4.749594298863094,-7.183687163041934
022_0024.jpg,0.6880182175088043,1.928354850250876,2.7186524288738894,3.575753292484519,6.723048326031771,4.539984148095115,-8.409077845190794
022_0028.jpg,0.7769518926106492,3.974396322370113,6.5938718567334975,7.838070285024068,15.815472289890208,9.89794010493809,-15.06065574976422
022_0030.jpg,0.6657030529930436,2.4164841745650927,2.240587801298804,4.288947299161147,7.554932509600791,5.566634505527539,-8.679937495548584
022_0041.jpg,0.6997758242401994,2.7642789796227913,2.5392961064038366,4.395483403669494,-8.521589264294777,5.841678442232831,7.873588180697754
022_0044 - Copie.jpg,0.7096287461055929,2.3872528147635053,2.4816370757892825,3.792099491065613,6.93116124949044,4.98755822836708,-7.927874402399743
022_0044.jpg,0.7096287461055929,2.3872528147635053,2.4816370757892825,3.792099491065613,6.93116124949044,4.98755822836708,-7.927874402399743
022_0045.jpg,0.1394948994314351,0.634268494113439,2.199846900600075,2.230147715400981,-4.480510330961903,-2.5726515648676,-4.8566761804619505
022_0047.jpg,0.6637318668567761,2.237137563501661,2.2495102255718575,3.4665037530623626,6.349271281481839,4.595028217666945,6.808270494501025
022_0049 - Copie.jpg,0.6715374709199325,2.073778654108796,2.3605343885114762,3.5802418378270024,6.588597327394431,4.641680335217654,-6.948008971361031
022_0049.jpg,0.6715374709199325,2.073778654108796,2.3605343885114762,3.5802418378270024,6.588597327394431,4.641680335217654,-6.948008971361031
022_0062 - Copie.jpg,0.6193696595694592,2.29100392245017,2.0149535931690528,3.3147153459721137,5.98445265720088,4.463178761854595,6.805149848010657
022_0062.jpg,0.6193696595694592,2.29100392245017,2.0149535931690528,3.3147153459721137,5.98445265720088,4.463178761854595,6.805149848010657
022_0073.jpg,0.747181132749796,3.8956674968670963,3.1093777959197357,4.767822300540328,9.230146739011673,-6.71699903013714,8.726818196074182
022_0077.jpg,0.6984952322956129,2.5677798519347688,2.358938053862397,4.114256138572286,7.357866238452524,5.4004416280137795,-8.099775424468538
022_0087.jpg,0.6867429959942888,2.1939384540803384,2.3877838924940824,3.636087937459654,6.650518761081279,4.733362904045795,7.619119946278526
022_0095.jpg,0.7216533740556074,2.8512076511377042,2.516055095986048,4.575415478443374,8.506009542410418,6.18948814784812,-8.161594674773573
031_0001.jpg,0.7781660819550611,2.6250283355788677,5.117386281709359,6.840204735774633,-12.81932294556243,-8.153283721212095,14.233138546448284
031_0003 - Copie.jpg,0.7572257460897852,2.293722737426391,5.775951265667385,7.120256205953027,13.905601258411295,9.115252795894984,13.619986862541339
031_0003.jpg,0.7572257460897852,2.293722737426391,5.775951265667385,7.120256205953027,13.905601258411295,9.115252795894984,13.619986862541339
031_0004.jpg,0.7163479081980114,1.981868133388602,4.2656453310706155,5.470760521422222,11.273645223460678,-6.8610176016363935,10.341916974654914
031_0007.jpg,0.770533362659722,2.4852657269829637,4.556715084790911,6.151556248936876,-11.620569645309223,-7.487391483639571,-11.698863649121856
031_0012.jpg,0.7544270330168491,3.2436544861436647,4.217819056752169,4.803669388089991,9.358261442198627,-6.427857869451855,-9.683371829729845
031_0027.jpg,0.7866274285005546,2.8928939788250485,4.988154094744698,6.827268997281213,-12.800340467840662,-8.321677886542968,-13.027562805381967
031_0031.jpg,0.7599936372458735,2.385049507314084,4.3591031264887565,5.555667908769479,10.858855535374145,7.559579537376813,-10.562438999512784
031_0032.jpg,0.7782872245444803,2.678508330620326,4.7973417275526655,6.450468897926213,-12.15577908512581,-7.841526072800721,-12.326858530801513
031_0045.jpg,0.7319492447172299,2.0497353230075155,5.76078595338186,6.983608069393112,-13.963935363290682,-8.388970370527167,-13.36942072687972
031_0049.jpg,0.7639164816865959,3.418483598494035,3.3270475873532304,5.1797678726474965,-9.4407117987426,-7.2892058910778434,10.16673386560194
031_0050.jpg,0.7599535958432314,2.631283588468033,3.8237614617815177,5.31048810853178,-9.999073345143994,-7.155280317257087,-10.061679408104029
031_0053.jpg,0.7304399322380343,2.0423485663542875,5.133168516594956,6.502136690728492,-12.33265058337017,-7.561636551592701,12.939923109635705
031_0084.jpg,0.7767732969513573,2.681431732917538,5.049262023066497,6.430615043479304,-13.36414295873978,-7.949221500808056,-12.171445787513093
031_0087 - Copie.jpg,0.776387331612779,2.5906152197063705,5.501992544089045,7.159255641953639,-13.504621682041565,-8.473713852647789,14.081308743422058
031_0087.jpg,0.776387331612779,2.5906152197063705,5.501992544089045,7.159255641953639,-13.504621682041565,-8.473713852647789,14.081308743422058
033_0007.jpg,0.7980809452043245,5.055765919716101,6.556536961992285,10.50853659111588,19.237647440980986,13.150990057192685,-19.153609843636445
033_0008.jpg,0.7979388139759084,4.8849030229140045,5.6551661488056935,9.239223192822,16.939492131074047,12.38873684077643,-16.767554946652975
033_0019 - Copie.jpg,0.7979354830437859,4.899646522152529,5.559953528238314,9.756923694409998,17.77923389061225,12.395172391342783,-17.46036481430911
033_0019.jpg,0.7979354830437859,4.899646522152529,5.559953528238314,9.756923694409998,17.77923389061225,12.395172391342783,-17.46036481430911
033_0020.jpg,0.7979155171450428,4.697921008105304,5.755164123356601,9.105269761352329,16.552986443011193,11.471081038054972,17.091039182717466
033_0022 - Copie.jpg,0.7980260879582729,5.646256411468252,6.165538309204085,10.682845879887461,19.113885130551754,13.506033719612336,19.861074599218465
033_0022.jpg,0.7980260879582729,5.646256411468252,6.165538309204085,10.682845879887461,19.113885130551754,13.506033719612336,19.861074599218465
033_0023.jpg,0.7981372871565793,5.84993819696903,7.010474731180716,12.66956718282209,22.826905172694445,-15.763454318698495,22.566889098449117
033_0032.jpg,0.7833302441631063,3.9149383992030584,4.5763494793821895,5.357138474236919,-10.34627301966119,-7.321771327555019,10.828326142619911
033_0033.jpg,0.7920969827037041,4.201162980144279,6.695750599668348,5.9407106477987535,-12.261024676730587,8.042649283618765,-13.268972427356195
033_0036.jpg,0.7976204403042593,5.44985927577366,6.751910091895638,9.57723207231883,17.82654877019466,-12.49179283307687,17.98711818265648
033_0038.jpg,0.7916517496155634,4.249561301306535,5.033068696628577,5.976028014693765,-11.481361681499274,-8.101781914924041,-12.701825185127753
033_0042.jpg,0.7981317063532058,5.344567709968578,8.05235187265511,12.107685648042569,-22.294441723083228,-14.898880129348468,-22.393110387335767
033_0044.jpg,0.7980109078618085,4.878799688852831,5.983478604887976,9.586096011099112,17.412322733080988,12.034855285073474,-17.750943976494632
033_0047.jpg,-0.11714846666970749,0.7205492691107507,0.8994216524681219,1.3689533889471663,2.7021419942797564,2.6030578515220157,2.6140445667414967
033_0048.jpg,0.7981166609930846,5.219073005792955,8.164829046478092,12.65722777595359,23.37240431508912,-15.716725592540774,-23.129696049281236
033_0050.jpg,0.7981573445253124,5.858699851730207,7.745748246571654,12.052986523819047,-22.009775070571497,-15.075413543091825,-22.269273357458268
041_0003.jpg,0.21494409909980114,1.1603096810321,2.9082846358413037,1.8147126584651525,-4.1770810543639,3.7352934261721393,5.375326287149485
041_0005.jpg,0.3930283525129065,2.0871272693925937,2.913473144240028,3.403560265309703,-6.564981998526203,5.5314238870659045,-7.500329828446406
041_0011.jpg,0.6778435701608959,2.0233373237205967,2.6170986099375337,3.6159114654799636,7.43273927197983,5.282229705318064,-6.74122470395741
041_0013.jpg,0.7793729480868229,3.360834876420569,3.6573862578001965,6.541769361344798,-12.190211264976174,8.458725370614642,-11.659417720808724
041_0019.jpg,0.7821814449125936,4.383844378742253,3.3784951626190165,6.155614736241279,-11.124122094538986,8.468133255692509,-11.031954751129351
041_0043.jpg,0.052370428248904186,1.7455913263230323,1.1454965020404988,0.6609695556092993,-1.56534898686904,1.5552611081856507,2.703484141397416
041_0046.jpg,0.7816817285648856,3.6876209256634436,3.380834399406644,6.332043911340028,11.210156852427456,8.19479925260518,-11.699639600065293
041_0047.jpg,0.7843706342301149,4.275798469498909,3.432985821232907,6.606099408483963,-11.63781198988405,8.811126737558464,12.257431053763566
041_0048.jpg,0.7595370779425947,2.8513585121204077,3.0659191954985197,5.354606753666916,10.037712336044113,7.020123285862218,9.590986797128837
041_0058.jpg,0.3494961239758909,1.2190232591641847,2.732943152796254,3.088978259026216,6.72051446600458,4.204259178794213,-6.007948141598696
041_0061.jpg,0.5805577892077616,2.840474083341578,3.181813196615368,3.0670140889408892,-7.244730292172276,-4.893098121593019,-6.193133239031309
041_0066 - Copie - Copie.jpg,0.7849744450286609,4.871219845545201,3.625909308148426,6.195988055366485,-11.200029755807321,8.6837438334187,-11.335741477479424
041_0066 - Copie.jpg,0.7849744450286609,4.871219845545201,3.625909308148426,6.195988055366485,-11.200029755807321,8.6837438334187,-11.335741477479424
041_0067.jpg,-0.13105977502726307,0.8966058810938153,0.670545479882889,0.7857456925805101,-1.7306270854093773,-1.2365405133203622,1.6137311256858273
041_0068 - Copie.jpg,0.7876878861720741,3.872792527986467,3.634234601132779,5.807075058105859,-10.577213564238725,-7.749933753343611,-10.873148258324585
041_0068.jpg,0.7876878861720741,3.872792527986467,3.634234601132779,5.807075058105859,-10.577213564238725,-7.749933753343611,-10.873148258324585
041_0075 - Copie.jpg,0.7732899027336699,5.047706787499259,3.4313202720331817,5.145780143090938,-9.848529148393414,-8.380194297448316,9.469227209349773
041_0077 - Copie - Copie.jpg,0.7831060146998866,4.464274442121697,3.373761123000661,5.886035728219195,-10.522255227048348,-8.199575463981786,-11.287068771005071
041_0077 - Copie.jpg,0.7831060146998866,4.464274442121697,3.373761123000661,5.886035728219195,-10.522255227048348,-8.199575463981786,-11.287068771005071
041_0077.jpg,0.7831060146998866,4.464274442121697,3.373761123000661,5.886035728219195,-10.522255227048348,-8.199575463981786,-11.287068771005071
041_0078.jpg,0.7734050854517606,3.0948366048681653,3.6105879718112175,5.915092445430607,10.984177389541829,7.550672187469739,10.738691238356816
041_0080.jpg,0.7665493622238818,3.329376522589601,3.8872919962699313,4.958805292197143,9.41146681775883,6.814779649349168,9.829128962102738
041_0085.jpg,0.013512298269158401,1.0792274965229063,0.6355183887868774,0.7077358070240867,1.9889830327347033,1.757651599857045,-1.3928824945089668
043_0001.jpg,0.7981190520065108,5.244832427910133,6.941592370490857,11.361598145251127,20.88119139468905,14.685541251590648,-20.557256676346512
043_0003 - Copie.jpg,0.7981563727663362,5.664176387305724,7.8370276570042146,12.277508987133032,-22.334836619856336,-15.1099284976883,-24.116617762735345
043_0003.jpg,0.7981563727663362,5.664176387305724,7.8370276570042146,12.277508987133032,-22.334836619856336,-15.1099284976883,-24.116617762735345
043_0004.jpg,0.7979760700627181,6.355640483103505,6.098678676531977,9.399506789618279,-17.208177018187683,-12.639979019660293,17.458543652492477
043_0005.jpg,0.7981539466571652,5.677533585302248,7.767872714696477,13.143981507646277,23.772766957079952,16.011325034398702,-23.730166316617062
043_0006.jpg,0.7964698378812758,3.9834420440025085,6.924764336830439,8.188712560371124,-15.858257052337931,10.213738239988704,-15.941628734333122
043_0007 - Copie.jpg,0.7976997366938717,4.926813588394215,5.5023319578536425,8.614426412811904,-15.9688283692701,11.19863566284692,15.736970032484297
043_0007.jpg,0.7976997366938717,4.926813588394215,5.5023319578536425,8.614426412811904,-15.9688283692701,11.19863566284692,15.736970032484297
043_0017 - Copie.jpg,0.798084692863124,5.125984381101046,7.328582270510451,11.78094366047317,21.73537673555898,14.46006901246891,21.37323899704852
043_0017.jpg,0.798084692863124,5.125984381101046,7.328582270510451,11.78094366047317,21.73537673555898,14.46006901246891,21.37323899704852
043_0020.jpg,0.7981045008103779,5.3332183813919976,7.4216141816947605,10.819824179232436,20.491925561281622,-14.427961885532751,-19.958396762332665
043_0021.jpg,0.7981014014186222,5.5646797560867896,8.138647937229292,10.829247566800344,-21.18648990881872,13.61477905726361,20.317122549820112
043_0026.jpg,0.7945927081918485,5.600371632581899,6.661796439453448,6.162176587605924,-12.63041155031291,8.963374036160634,12.89500245266758
043_0030.jpg,0.798103758392515,6.040721804013776,6.761719042620135,10.430531206146064,-19.483834022373493,13.830431658892882,-19.054859428853078
043_0036.jpg,0.7980664330137703,5.015111495768667,7.0410035414006344,10.897078914687423,19.880546708453807,13.485549869073129,20.46208916997538
043_0040.jpg,0.700443004492258,1.9551252751618704,3.948621173702892,5.166921123106967,-9.78563299379397,-6.534389472635022,-10.030373852696236
043_0044.jpg,0.7974491287675107,4.308233952531516,5.5312585529598675,9.063473996041138,-16.360841241695496,-11.222091965657706,19.035573894481562
043_0050.jpg,0.7091121747662564,2.0539578226499997,3.7173547346140947,4.452263718408753,8.792281783981489,6.051599005929333,8.617249869224404
043_0080.jpg,0.7978068886319044,4.548803293219864,5.847031913764986,9.11084353689353,16.676619623826188,11.468033301318911,-16.830776750004183
043_0081.jpg,0.7978358888554664,5.82949535445323,5.719086631376859,9.061460389040182,16.664698785829284,12.088529642517765,-16.55380557914883
043_0088.jpg,0.7979027306955608,4.58485438697797,6.509739416936862,9.910193649077652,-18.120161227343456,-12.205486293095369,-20.778925999282546
043_0091.jpg,0.7978859685937081,4.813141130266317,5.604530259864467,8.878733593656053,-16.121257719983088,-11.287050351411018,-17.313957621263818
043_0096.jpg,0.7981351118359244,6.011988375703587,6.906605500495387,11.804411434439727,-21.919202967021025,14.856039426439011,21.16660106726259
043_0098.jpg,0.7979442577617922,5.546377645112926,5.693602742210232,9.155587746454318,-16.71624688874388,-12.063851880962991,-16.74617980749101
043_0101.jpg,0.7916517452779472,3.539641166005471,4.391815128338339,6.044822506510567,11.357972178064763,8.836658231111794,11.488736237207423
043_0103.jpg,0.7968281415271796,3.8229287727028494,7.4382772222573985,10.481271523285614,-20.245446137728045,12.815847491430207,19.446457855730486
043_0113.jpg,0.7979535562643716,4.93893292950375,6.027257741315091,9.195188348289621,-16.83976787854309,-11.66645127184794,-17.22966319416952
043_0120.jpg,0.7909662880639652,4.451890465927677,5.341283644195217,6.779276382875832,13.197257431656109,9.624108291517366,-12.886005064556489
043_0122.jpg,0.7972972139641925,6.142050895499876,7.0842005086315565,9.248138713456447,-17.51462830154878,-12.512642589393932,-17.630224061802803
057_0001.jpg,0.5673254369070199,2.6001122593295705,3.220738169123961,3.8819435296816795,-7.438224427902778,-7.81562005319527,8.257261258272836
057_0003.jpg,0.41416620219102795,1.1087673748625897,3.278294545212525,3.175953641773985,6.415243941096301,3.8676731895951346,7.034932015202296
057_0006.jpg,0.7438250826422597,3.3237135820570174,3.8775732033200745,4.78622100135388,-9.484699685546248,-6.557994229955552,-9.162501308067851
057_0009.jpg,0.6866835369601005,2.024668701623108,3.5792996176949736,5.170524562217126,9.883505147942197,6.229808694769068,9.596842099148427
057_0012.jpg,0.5418033663688813,1.547371829604576,3.5364087774384196,3.187033084012807,-6.567460301657993,-4.114389844500042,-7.090423380130792
057_0013.jpg,0.7649854203125348,2.7760379709532734,6.322414249816055,7.389641776580384,-14.814363617336559,-8.847851390834348,-14.262101971319252
057_0019.jpg,0.6960713883292146,1.9134925894798078,4.988718052476982,6.071847005432783,11.644613604012067,7.191094024373672,-11.977289454218116
057_0044.jpg,0.615527507553136,1.640917525499455,2.4133555196295187,3.3451487632127233,6.389709237641159,6.364563739038521,6.3610664166327835
057_0051.jpg,0.2393783360326482,0.9205391401845361,0.950509196744723,2.101625776904266,-3.635667124513748,-2.5662577276055205,-4.349210827202481
057_0056.jpg,0.41349395137952694,1.168694737555618,1.4126459881081803,1.953998672754309,3.7517975172974967,2.904464232463274,-3.8310694278589996
057_0060.jpg,0.44027541870416537,1.4246243974867046,2.910673603141474,3.4545047880945727,9.299474385987764,-4.203162997747059,-6.637095011715968
057_0064.jpg,0.6385407827244434,1.702908932797353,4.074047387522823,4.943589014617384,10.776878578903403,6.258120702326514,9.45289508035058
057_0067.jpg,0.10352895946241533,0.7817768348286802,1.5988503461181018,1.7835591490941465,4.430769846523813,2.3480131988029784,3.4774394600117122
057_0072.jpg,0.6277846811294979,1.6735883928911757,3.70817883482722,5.221733105762421,-10.025353465257881,6.107104431836507,9.73793563622199
057_0076.jpg,0.4635337958737557,1.4201733126289915,3.2212622025596023,3.058628977592366,6.373504874193277,-3.808354448157467,-6.327144072021441
057_0089.jpg,0.5942915270627624,1.720821806275436,4.5314541500779635,4.025773786527242,-8.951850510967517,5.171341061682969,8.315687791103125
057_0090.jpg,0.5763288243148004,1.7021298549533925,2.040556636274979,3.447374396956788,-6.275762132366018,-4.35203014943364,-6.437333953178565
057_0095.jpg,0.5575499914082367,1.4973813847476896,2.0127027967399633,2.7374507879948036,5.298025723419794,4.18027361152984,-5.232921140741377
057_0098.jpg,0.7156856461904738,2.1750045143899603,3.702612501650079,4.629497135406581,8.817444784888288,5.838016064477603,9.304632604867031
057_0099.jpg,0.768112432218379,3.2360744371071233,3.277462008927055,5.254215686212301,-11.273152916037146,7.039313485683225,9.520122239485488
057_0100.jpg,0.7575255346329717,2.816060055805254,3.5330977181846825,6.233856428674509,-11.254994868796876,-7.658812916379466,11.2815111154802
112_0006 - Copie.jpg,0.5391932172068454,1.2888088124418924,2.681843663369172,3.23091852021861,6.18934856964731,3.875672538953109,7.200933953673462
112_0007 - Copie.jpg,0.2968731025420394,0.676281368157412,2.412514176630555,3.243626231287889,6.404652645805997,3.964140346949169,6.12448798891849
112_0012 - Copie.jpg,0.5475673650517717,1.393084676615681,2.6727312340706812,2.8852324289494646,5.665666862263896,3.5842692051628986,-6.752244024655365
112_0020 - Copie.jpg,0.7055735490057657,2.1270932940943523,3.9958605904059823,7.02975071525686,-12.546106959167274,8.140098186645446,-13.437556073674347
112_0022 - Copie - Copie.jpg,0.4539008986859872,1.032863153804119,2.3098461733039235,2.431375947710609,4.801997153422092,2.9478653264461383,-6.967238841844142
112_0022 - Copie.jpg,0.4539008986859872,1.032863153804119,2.3098461733039235,2.431375947710609,4.801997153422092,2.9478653264461383,-6.967238841844142
112_0023 - Copie.jpg,0.503165245393506,1.15244739465211,3.047011645139215,3.2530539376848937,6.40308806056663,3.8310436756149615,-9.009298911711692
112_0029 - Copie.jpg,0.40179225958075815,0.9119003889796966,2.062181264590841,2.148259389611794,4.253497213438117,2.6042762612199435,6.300387239769948
112_0063 - Copie.jpg,0.3460831167074602,0.8748568930282035,2.020365334688583,1.877527226568497,3.828109395087273,2.3156879400888157,-4.888791326696482
115_0001.jpg,0.6003357117619896,1.5678418408977388,2.208363197459007,2.6263650703251242,5.044739479790364,3.413412090663352,-6.210391377686681
115_0015.jpg,0.6495473767050389,1.7391846429544724,2.49193722669513,2.9784819380836858,5.714432054538249,3.8481361095272444,6.947666319493422
115_0021.jpg,0.4210209699075273,0.974711115805232,1.6411702753751176,1.7680468200001376,3.4726814945010096,2.255410609230019,-5.432502368317142
115_0037.jpg,0.5600465466103294,1.3695623936152375,3.8521773169775266,4.4503331862511075,8.967566654250117,-6.085624531087708,-8.646108706513276
115_0041.jpg,0.6219861463586678,3.428509675091007,3.65006884744851,5.901219735479111,-10.686005176433735,-7.672583571729183,-11.36929532031606
115_0043 - Copie.jpg,0.5436120118142563,1.3472904117549094,1.9364611104444034,2.2928341092369955,4.407682721706346,2.967350225587349,-5.924358501944176
115_0043.jpg,0.5436120118142563,1.3472904117549094,1.9364611104444034,2.2928341092369955,4.407682721706346,2.967350225587349,-5.924358501944176
115_0049.jpg,0.4355193152487162,1.9533682224064222,1.805650189945086,2.333360868552176,4.42185681389538,3.310067150899532,4.941402328221872
115_0051 - Copie.jpg,0.576416457548766,1.4486909422960237,2.1283718827574454,2.531214265730599,4.861317700699911,3.256464839636836,6.283606280617435
115_0051.jpg,0.576416457548766,1.4486909422960237,2.1283718827574454,2.531214265730599,4.861317700699911,3.256464839636836,6.283606280617435
115_0058.jpg,0.5541644198407524,1.3679585402264027,4.700528044262165,4.031707470799586,8.403962489940415,4.716792695644603,-9.175276471509674
115_0061.jpg,0.5456643172212955,1.343193139908674,2.2369181423442845,2.5748911635010745,4.982820429880491,3.2722150777099577,-5.997013434889226
115_0064.jpg,0.6762662435327448,1.7426676106733432,4.038827692901784,4.664891657428403,9.017252993491825,5.536918709071906,-10.335174146815534
115_0068.jpg,0.5179487230195744,1.2229008371866983,2.146506785917003,2.4747570459524217,4.786165848182595,3.096550151430903,6.008975716835839
115_0070.jpg,0.6414437649912859,1.604455235098837,3.1348751090184677,3.589913273082082,6.9534912268122255,4.395951937021082,8.084643912417528
115_0071.jpg,0.6987604754456636,1.911956365604512,3.2221233155882096,3.9571472215527868,7.546987315654994,4.91321973984759,9.059570007195894
115_0077.jpg,0.6825635238064082,1.9122711811242312,2.664663735581585,3.3196082845772743,6.311838986410879,4.275829898635441,7.992012715642261
115_0084.jpg,0.7488729706502183,2.4754065163044188,5.443433827861169,4.700709647630064,9.772782643923229,5.942502032127809,12.39122435859303
115_0085.jpg,0.7311279535454477,2.169098983061978,7.012094823739352,8.630847916413066,-16.454326502670153,-9.873304530922475,17.47040220466087
115_0086.jpg,0.7435407048546365,2.5250721621361722,3.1377978639491073,6.281901986246499,11.059561843983301,9.288091404951384,-11.277505785163147
115_0088.jpg,0.3777770218756794,0.9378764362849699,3.8195083574487807,2.592686274341527,5.803166395995722,3.0623493917867757,6.6484723532646814
123_0012 - Copie.jpg,0.5038073175913669,1.9725319154048058,1.6325293284859907,3.4878433885193245,-6.453830271573366,4.547989544778315,-6.084424594592025
177_0043 - Copie.jpg,0.5926862972879274,1.462225457360448,5.374581729340317,5.477251331795579,10.904945678359658,6.214274973087358,11.947489916960851
177_0043.jpg,0.5926862972879274,1.462225457360448,5.374581729340317,5.477251331795579,10.904945678359658,6.214274973087358,11.947489916960851
212_0001.jpg,0.5022463959393035,1.9562140161451884,3.1707293044260276,2.6380756908199503,-6.504819683775317,3.970439486223254,5.545076354473989
212_0002.jpg,-0.007492259946339315,0.6618067772409382,0.7542436775354114,1.2214561140103644,2.217440787060203,1.5573109715786633,-2.926565025250314
212_0004.jpg,0.7299660332558395,2.6744595574356445,5.681968855065387,5.190176235319775,11.249362846153092,-6.535464261709507,10.638929539103717
212_0005.jpg,0.699213158234383,1.9838291338913052,3.196754160724037,3.85122465323935,7.4144834222139675,5.0804696892964865,-7.76590315888
212_0006.jpg,0.12495009233190563,0.7989081666386133,2.0652087416015696,1.8060823246922049,3.8713716791353208,2.2204038904742376,3.9153354782388083
212_0012.jpg,0.7697057065547886,2.6753487388145842,3.9387876809717035,6.068715361254621,11.369120281208417,7.429992011506653,-11.13641494049685
212_0013.jpg,0.6676272584096239,2.857555337669165,2.6540914537346003,3.8849228243208054,7.435557506299282,5.625012077487369,7.223960587064615
212_0016 - Copie.jpg,0.7674590349219468,2.948748273542332,3.4902199002101977,5.03556718596858,-9.41174877237288,-6.728069314697066,9.493932782911292
212_0016.jpg,0.7674590349219468,2.948748273542332,3.4902199002101977,5.03556718596858,-9.41174877237288,-6.728069314697066,9.493932782911292
212_0020.jpg,0.7772453266222573,3.2633235734567885,3.325489611504076,5.561793107893983,-10.017037167325203,-7.255591672498184,-10.647307617605694
212_0022.jpg,0.7781512503836437,0,0,0,0,0,0,0,32.351944169863366,32.351944169863366,-64.70388833972673,0,0,0,0,0,0,0,0,0,0,0,0,0,0
212_0026 - Copie.jpg,0.7551348499476483,2.7757046410254835,3.5629867726254867,5.479072113064597,-12.329144877653027,8.417506020698102,-10.000106327602083
212_0026.jpg,0.7551348499476483,2.7757046410254835,3.5629867726254867,5.479072113064597,-12.329144877653027,8.417506020698102,-10.000106327602083
212_0029.jpg,0.7405271841418812,2.495425499943853,3.5684497382516205,4.590930522612943,-8.717436222324965,-5.839243494183536,9.02679005637484
212_0041 - Copie.jpg,0.344858047114634,2.540881324935147,2.4534690128516177,1.8290659702195975,4.013254010917222,-3.8428704258096706,4.3434848940224
212_0041.jpg,0.344858047114634,2.540881324935147,2.4534690128516177,1.8290659702195975,4.013254010917222,-3.8428704258096706,4.3434848940224
212_0047.jpg,0.7425511325875113,2.3382765180763827,3.5271707831141335,4.819015320457629,8.992115074491933,6.097085283143592,-11.24737862061817
212_0054.jpg,0.23330245950105521,0.6389579739803057,1.2806484554218498,2.029422427113476,4.663899439619346,-2.86914477517398,3.686858189149804
212_0058.jpg,0.765575788041157,4.235028487932696,3.7730066963736024,6.222262002781444,11.38902200072911,-8.68267866929584,11.353270581296247
212_0070.jpg,0.7562794537913926,3.0402503193183756,3.232804173029736,4.760622871063458,10.58142638761462,-6.394781000371077,-8.757385215962428
212_0076.jpg,0.754852443550556,3.1306924222012977,3.091694321505589,5.077110962806614,9.287677259358997,6.693823941896664,9.33945976733787
212_0080.jpg,0.5850291542470881,2.8956470090815825,2.7390892798972186,3.8011810641846364,-7.304067967038092,5.250651418938598,7.162325645329488
212_0081.jpg,0.7625183617484694,4.36015539721618,3.183728707133493,5.046019709547843,9.875617547253713,-8.787552051276855,9.169126066438851
212_0088.jpg,0.7223741577334313,3.1404120362854546,5.1469181821517225,4.335341376915453,-9.124922940380868,5.936915649720066,-9.425969049384122
212_0090.jpg,0.7183649902153713,2.080520466116926,3.9960551048666546,5.040155894846351,-10.212296041759776,-6.166003158813223,-9.569215918263092
246_0001 - Copie.jpg,-0.25156595836714035,-0.41959325548517107,0.27478276971109017,0.4425967335790663,0.80160583969653,0.2346924367291552,2.2176867994119536
246_0001.jpg,-0.25156595836714035,-0.41959325548517107,0.27478276971109017,0.4425967335790663,0.80160583969653,0.2346924367291552,2.2176867994119536
246_0002.jpg,0.7771904477007088,6.003985793420665,6.803446033544353,7.643684310233505,-14.867249513990824,-10.646066997657307,-18.28394659450708
246_0003.jpg,0.4198512922058363,0.9449534216692786,2.341497807787508,2.52829366850677,4.963199334154899,3.0007743397948046,-7.1331515586929015
246_0005.jpg,0.7582783789417612,3.085724961605107,3.9886508292569522,5.290718139012649,9.93201093344708,6.834059780413179,-10.996398518192438
246_0006.jpg,0.4170666997021045,0.9341500361164394,1.9776835180382466,2.13154530494965,4.186161823125918,2.598682222308064,6.69273840240027
246_0007.jpg,0.4637160517260996,1.0448600433487936,2.485270970944186,2.681556887563141,5.264971901678861,3.2040055284440774,-7.91566125704999
246_0010 - Copie.jpg,0.46509088354021577,1.049411456049249,2.5558625595257722,2.778066181654665,5.445031145101136,3.302778917252273,-8.226933304528734
246_0010.jpg,0.46509088354021577,1.049411456049249,2.5558625595257722,2.778066181654665,5.445031145101136,3.302778917252273,-8.226933304528734
246_0032 - Copie.jpg,0.4519863763650769,1.0157133557478017,2.379321158540176,2.540704179875135,5.000717645892088,3.048586892819221,7.718417208844576
246_0032.jpg,0.4519863763650769,1.0157133557478017,2.379321158540176,2.540704179875135,5.000717645892088,3.048586892819221,7.718417208844576
246_0056 - Copie.jpg,0.4618969009808673,1.0419443192847333,2.3174457069812746,2.511399465644186,4.925822056207518,3.032371833147383,-8.779973997080791
246_0056.jpg,0.4618969009808673,1.0419443192847333,2.3174457069812746,2.511399465644186,4.925822056207518,3.032371833147383,-8.779973997080791
246_0062.jpg,0.46753521949041454,1.078240111959588,2.238239686076415,2.563193789674903,4.964225170213877,3.1037041276260258,6.383536182937406
246_0065 - Copie.jpg,0.4518348473742528,1.029274086264397,2.050992731612203,2.2588439441914456,4.41378922293486,2.7736586147274664,6.366947331050222
246_0065.jpg,0.4518348473742528,1.029274086264397,2.050992731612203,2.2588439441914456,4.41378922293486,2.7736586147274664,6.366947331050222
246_0075.jpg,0.5085416383252921,1.171734755167139,2.4390811862097497,2.653071818114094,5.199149733172935,3.2389711868890623,-7.792470945359402
246_0076.jpg,0.6426026516364448,2.098554481315656,2.5586588195550544,3.3852143501833782,-6.40109068134099,-4.759948059963567,6.725698852867232
246_0080.jpg,0.4446572220093682,0.9937544204827423,2.584921956926659,2.743207828731231,5.407274682713218,3.240151464597917,-7.929395117069178
246_0099.jpg,0.40677347525942636,0.9091176965336659,1.9469664155644295,2.0961207202840133,4.117664523161762,2.5506882199631575,-7.1005505789561
246_0100.jpg,0.4825566241084333,1.0968187096816566,2.571253435050859,2.7945462319547465,5.477446105112254,3.342955934495556,8.846675882208336
248_0010.jpg,0.7775320877211952,4.257147989320668,6.769279405424745,8.025867736895615,-15.424069067133116,10.178500317964266,-16.693235769157706
248_0011.jpg,0.7891976368440909,2.9875151706363257,5.402013771128911,7.372739615237204,-14.527749467840291,-9.61021469216586,-13.766541669137725
248_0012.jpg,0.7973348168334348,4.423145469201896,5.420421393059752,8.55346680629405,15.542919613977118,10.783807391462712,16.51031615226041
248_0014.jpg,0.7864671302268258,2.897116169117889,4.542921420949988,6.425505901691656,-12.123484101311192,-8.096123582573268,-12.011312792958542
248_0018.jpg,0.7435141579198759,2.1707099753574077,3.9477431337914166,5.3313413666084974,-10.161530846335774,-6.518188843105692,10.087539181891598
248_0020.jpg,0.7385995509094169,2.1602673863368342,3.445889534635219,4.8340548928393225,-9.039808429665907,-5.972352714937719,-9.265413948971155
248_0022.jpg,0.7362490822942348,2.0841182384923016,4.6336458357445425,6.012359153513496,-11.46555185801961,-7.16495725721374,11.508302130617295
248_0024 - Copie.jpg,0.7561755884119298,2.3345412767016755,3.585505019680085,5.1135165141737104,-9.47893276678113,-6.291754190806754,-10.038535173236406
248_0024.jpg,0.7561755884119298,2.3345412767016755,3.585505019680085,5.1135165141737104,-9.47893276678113,-6.291754190806754,-10.038535173236406
248_0025 - Copie.jpg,0.7590528804994668,2.4063789655864603,3.46510859854627,5.023947828645505,-9.349357485693957,-6.284465157820942,-9.52211566741368
248_0025.jpg,0.7590528804994668,2.4063789655864603,3.46510859854627,5.023947828645505,-9.349357485693957,-6.284465157820942,-9.52211566741368
248_0028.jpg,0.7411755654092446,2.153954094290969,3.7535090305744347,5.0626249982547815,9.85718388761822,6.869451698092497,9.510803095497582
248_0029.jpg,0.7768315027325579,2.627282465853359,4.1373729252095774,6.005600661426865,-11.080719021233056,-7.3205484590523175,11.96723086532781
248_0032 - Copie.jpg,0.7589199088357877,2.3827624341232485,3.5608502307009275,5.128835122108169,-9.598815473301954,-6.418209447985205,-9.652933259685433
248_0032.jpg,0.7589199088357877,2.3827624341232485,3.5608502307009275,5.128835122108169,-9.598815473301954,-6.418209447985205,-9.652933259685433
248_0035 - Copie.jpg,0.75186019925089,2.3227451745312573,3.348282276891486,4.878695664959582,-8.997910980882876,-6.041872252608037,9.784479919420614
248_0035.jpg,0.75186019925089,2.3227451745312573,3.348282276891486,4.878695664959582,-8.997910980882876,-6.041872252608037,9.784479919420614
248_0037.jpg,0.735059735174629,2.076471748020612,4.282982961092816,5.684810243125146,-10.748927433007447,-6.779514706525242,10.923817951421919
248_0038.jpg,0.7541573147543079,2.2799953007877583,3.8396473725002167,5.2368916569937305,10.704391481348251,-7.319388603474262,9.77819031152452
248_0039.jpg,0.7209069261212612,1.9948780228442913,3.6629165948484075,5.040428155245072,-9.44309451049104,-6.068818527296664,9.731716484316804
248_0041.jpg,0.7635094869203732,2.4309076201852298,3.6599990826391733,5.137643217875143,10.097789728899548,7.484687850637673,9.55348652382107
248_0042.jpg,0.7763341474014448,2.6186967725157926,4.142102303598724,5.8869529231103535,11.714400862223059,-8.654186101943337,10.906681747719302
248_0045.jpg,0.7959247124335658,3.8982316634703613,4.5440702759312,7.645697322758197,-14.277578204723262,-9.717386132061222,-13.759712722226856
opencv_concat_tile_resize.jpg,0.5702422777357848,1.3589328129807148,2.5757076147485223,2.9152208567633444,5.660685304746018,3.5946872863381656,-8.665662304502149
