100000.jpg,126.27580049840603,143.5580130438614,129.39733678653272
100001.jpg,102.59331246796111,134.11615449386437,113.72444930535553
100002.jpg,71.49958336837585,81.47249267609388,72.2900440685875
100100.jpg,87.89108568519318,114.2435495312302,98.21984120190169
100101.jpg,57.52683688365064,74.99265581947647,61.31581815988227
100200.jpg,80.07292229851485,118.52490941484858,95.81050982995326
100300.jpg,108.72870235206005,147.67489717496466,126.23618632757415
100301.jpg,106.11592684203997,144.378410397043,131.7264396005541
100302.jpg,103.97276262935704,148.90056183318907,133.06656456751392
100400.jpg,94.08981534045397,142.73151126770128,121.89812512014589
100401.jpg,45.92424577437107,88.2782109866352,72.34003783411943
100500.jpg,189.04252095548173,202.38115623598273,186.7198032807898
100501.jpg,124.07595048078474,142.93846242030307,123.7318661992983
100502.jpg,135.7472024732074,151.81288734601264,127.98591424672395
100600.jpg,50.58561022703606,64.5173593589806,87.2340041740759
100601.jpg,56.68186439385798,73.32368286513831,109.74144467764502
100700.jpg,47.56122257164707,30.83291932990508,38.053807304682486
100701.jpg,82.4375195237409,42.643596988938675,51.631786752691326
100800.jpg,118.09910835597816,126.70488664215718,131.3934549499147
100801.jpg,126.68136716747607,131.50113375364467,127.72736497581037
100900.jpg,96.16331684328142,108.29717223643961,120.42426916130027
100902.jpg,83.4069838924131,91.37988957071809,107.39660689898905
101000.jpg,93.19572425068878,85.07329450111327,134.87799076176645
101001.jpg,115.58867507889619,113.6539444464466,165.7993108369778
101100.jpg,110.93696259651759,109.70575945349562,157.61670303589204
101101.jpg,122.75527941977445,121.20115372793288,171.48377752346852
101201.jpg,88.44391510416665,98.37331197916664,162.62246979166682
101300.jpg,78.71295369466155,76.27113098144535,74.15976399739584
101301.jpg,96.95935546874998,94.64631917317723,93.04227905273427
101400.jpg,81.33123270670559,113.37844181060805,146.07050609588586
101401.jpg,53.766546885172524,99.91940943400066,147.54102071126303
101402.jpg,80.18326155344646,112.54586982727037,146.2976080576578
101404.jpg,92.5778706868489,116.91493097941087,141.8084967931113
101500.jpg,164.1102247238161,149.36326630910244,136.6644392013548
101501.jpg,146.43636417388916,134.77634207407633,124.80148760477702
101502.jpg,95.53822326660156,84.70051002502447,73.9916629791261
101503.jpg,146.93973795572907,132.08891805013027,119.38210741678886
101504.jpg,114.91859245300301,104.9232209523517,96.17681090037037
101600.jpg,144.2278038660686,144.110954284668,143.65543715159103
101601.jpg,149.14340972900376,148.71082083384175,148.00953801472997
101700.jpg,135.52458127339682,129.62878894805908,84.65961360931396
101701.jpg,134.4876979192098,136.55287329355875,96.84620221455891
101800.jpg,229.0157279968263,185.22870953877788,67.42220910390208
101900.jpg,152.82021458943666,146.47819201151532,109.69652239481618
101901.jpg,149.2672389348348,152.86785984039307,124.9260819753011
102000.jpg,165.47098223368326,136.85130246480307,39.20070012410482
102001.jpg,176.0005782445272,137.83850383758545,28.521507898966473
102100.jpg,143.20126883188883,119.07538445790608,113.63932609558105
102101.jpg,130.42792797088623,125.49771563212077,123.1841500600179
102200.jpg,136.64303698158807,131.83936992886996,134.8135636594995
102201.jpg,133.36247857411703,120.63094075520833,106.51396624247234
102202.jpg,152.20924650670406,134.9350184080689,126.15929873127565
102300.jpg,76.7652978897096,103.91453170776363,102.5901257197062
102301.jpg,81.28992557525635,101.8148759206136,98.82782077789307
102302.jpg,63.92342726389571,92.4982058207195,77.16201972961413
102303.jpg,76.61643123626709,98.72288513183594,92.51703961690266
102400.jpg,123.58474890391027,126.88477102915458,120.41277599334731
102401.jpg,79.70637989044195,90.39026133219419,86.0256678263346
102402.jpg,101.11697101593018,117.66088549296062,114.66117032368977
102500.jpg,95.41271686553937,99.81534608205145,97.92410914103196
102501.jpg,109.40952428181961,112.23594824473058,110.77899360656757
102601.jpg,110.4596878687541,130.0135774612424,120.04235299428326
102700.jpg,155.87260691324857,132.14303716023755,112.44203726450583
102701.jpg,123.8594872156779,102.4170036315918,83.88755257924397
102800.jpg,122.11570358276367,125.0765364964803,123.22197437286377
102801.jpg,116.55444622039808,120.1263662974041,118.61070632934563
102802.jpg,123.52588081359839,125.63629245758047,125.2116216023764
102900.jpg,106.36480077107747,83.8877607981364,65.20789273579915
102901.jpg,109.9738403956098,77.7649068832398,60.508406321207836
103000.jpg,130.2098264694214,112.0106242497762,91.72830041249593
103001.jpg,159.32186826070117,128.63234583536772,94.88529968261707
103002.jpg,168.66771348317465,130.83582051595053,102.89320182800293
103100.jpg,149.54190953572575,162.3982013066611,107.66591771443697
103102.jpg,139.55582459767635,158.3290411631267,121.77080027262349
103200.jpg,138.37960268971653,135.91631407514402,129.3790323556948
103201.jpg,104.51158928148676,96.02037683071866,83.12871137466655
103202.jpg,131.46073522646572,134.13199953862133,133.2708370324336
103203.jpg,110.9240731063298,111.79233906223091,110.16675510879394
103204.jpg,123.41287256666413,128.69546702151112,128.76325538992575
103300.jpg,127.42364470163982,91.27698326110853,63.94467862447104
103302.jpg,130.6336793899536,92.85047054290771,65.81419944763184
103303.jpg,148.56278769175245,122.43471145629886,102.79632123311336
103304.jpg,133.34057521820012,114.17120456695598,98.34708150227875
103400.jpg,132.56949615478527,149.09664376576745,117.20750045776384
103401.jpg,134.3757260640462,149.91719945271825,111.41311581929531
103500.jpg,125.8296175003051,132.93520418802893,89.29198106129957
103501.jpg,131.7014665603639,139.6182289123536,94.577173868815
103502.jpg,126.09911060333252,137.79760551452674,96.15111764272037
103503.jpg,115.72147528330508,126.92849699656159,88.46690336863219
103600.jpg,147.37833309173584,147.4320373535155,95.81421724955227
103601.jpg,142.93833859761557,144.92247263590494,101.50453980763753
103700.jpg,129.46136856079104,142.75200907389328,114.34803644816091
103701.jpg,122.63162326812744,136.28657499949136,112.66106828053792
103702.jpg,124.30205917358398,136.9522212346395,109.35570589701335
103800.jpg,96.45065975189205,114.21270147959369,95.59028085072843
103801.jpg,117.97125498453784,121.84071032206211,63.12537956237794
103900.jpg,149.54190953572575,162.3982013066611,107.66591771443697
103901.jpg,151.7050762176515,167.0307703018191,120.18932501474994
103902.jpg,139.55582459767635,158.3290411631267,121.77080027262349
104000.jpg,123.33310254414887,137.8895454406741,112.66460069020589
104001.jpg,119.6387186050416,133.82933298746755,108.97139326731367
104002.jpg,119.74810059865311,134.27670129140216,109.7287330627442
104003.jpg,111.00971253712981,129.92850335439073,118.33104705810527
104004.jpg,113.1279436747231,131.69899908701575,119.77889378865548
104005.jpg,116.12132263183604,133.4175259272259,115.69133186340316
104006.jpg,129.167300860087,144.5306806564333,118.69026851654056
104100.jpg,102.55564498901366,121.45691299438438,104.79397137959798
104101.jpg,109.2677733103432,124.83780606587732,100.8133319218954
104200.jpg,159.59722391764322,125.71466604868571,100.67467085520427
104201.jpg,185.80202611287444,133.98267618815083,95.07953612009695
104202.jpg,107.00630569457996,96.95910771687808,83.75326665242503
104203.jpg,147.78274631500247,142.02967294057223,130.34145323435465
104300.jpg,143.95495096842447,142.80974324544272,145.48417536417642
104301.jpg,153.0864798227946,151.59895706176758,157.0273691813151
104400.jpg,96.5562372207642,108.37975597381596,102.66325473785395
104401.jpg,163.7345069249472,172.139635721842,169.6659158070881
104402.jpg,107.87723763783765,111.43359947204596,109.53829924265548
104500.jpg,119.74333318074574,121.18091710408527,120.96136728922544
104501.jpg,108.27514616648374,110.61804898579918,109.48628489176431
104502.jpg,120.4057998657228,120.76773993174221,121.40464782714845
104600.jpg,152.65926170349127,149.80233891805022,154.75784492492656
104601.jpg,122.91125520070402,120.60080718994153,121.30368677775078
104700.jpg,98.48962179819743,99.38651466369629,99.62972323099773
104701.jpg,123.18243948618571,124.48413467407227,125.59639199574788
104800.jpg,126.95625305175777,132.9195270538329,141.44394175211568
104801.jpg,148.3724435170491,143.1552327473963,144.99000072479248
104802.jpg,80.1971801122031,79.14491939544695,77.27100054423006
104900.jpg,139.79469871520985,140.45295524597174,145.4625148773192
104901.jpg,123.45273621877034,127.61851247151692,131.19727293650308
105000.jpg,112.78202565511084,120.57777309417722,119.63225809733069
105001.jpg,116.10579236348455,117.45547072092688,114.26889673868807
105002.jpg,149.21839110056578,159.61246013641363,161.38095601399752
105101.jpg,115.99570655822754,113.4771375656128,110.41363112131755
105102.jpg,93.61040083567292,95.73899841308598,95.9148457845053
105103.jpg,81.70933850606282,83.27748489379883,83.9176009496053
105104.jpg,92.3705387115479,95.50804265340169,96.47975667317701
105200.jpg,131.7836062113444,134.18322944641113,134.2382771174113
105300.jpg,118.68897501627605,135.39084148406982,132.66434033711752
105301.jpg,62.97937520345056,75.30427296956391,70.44974867502837
105400.jpg,134.24614969889322,130.1909039815267,124.41493542989095
105401.jpg,76.54215494791667,87.59791851043701,88.99931399027507
105500.jpg,72.66339778900135,81.11301136016858,81.30012035369867
105501.jpg,96.64694499969484,104.26900577545163,104.5923560460408
105600.jpg,31.90032037099207,38.68528588612875,38.834813117980886
105601.jpg,34.222950935363805,42.342465082804395,42.928299903869586
105700.jpg,67.83271249135335,102.05338891347249,94.60288619995117
105701.jpg,89.90682888031006,119.9607925415039,111.01765060424805
105800.jpg,62.66955246938489,111.91838439436965,155.71323867671745
105801.jpg,108.15047419104036,117.45586687408503,123.65719142104658
105802.jpg,103.1832532646244,128.0210744474214,155.95540818563867
105900.jpg,117.14889113108325,115.43803215026841,114.44126733144121
105901.jpg,113.16984589894616,110.2107502619424,107.08612219492596
106000.jpg,122.6536324818929,117.1296402613322,112.5213057200114
106001.jpg,147.64424387613943,139.56812032063772,177.67761548360164
106002.jpg,139.9462226231893,133.72573725382486,129.41528765360513
106100.jpg,141.6344804763794,142.3887383143107,141.9928871790568
106101.jpg,99.99862639109294,105.79170735677083,103.64762369791667
106200.jpg,152.52937094370546,144.99086348215738,71.52042992909746
106201.jpg,148.8884919484457,141.48257382710776,69.7708438237507
106202.jpg,147.03423500061038,139.73205407460534,72.74893315633139
106300.jpg,141.18913010721022,145.24624568475255,101.74576622673185
106301.jpg,147.829918555964,154.86580469350704,106.57875526640372
106400.jpg,197.28332614959754,183.20746590353875,147.32677811218468
106401.jpg,153.08833091038701,136.10044501613964,96.61801838535699
106402.jpg,157.58480111815982,142.66078013364245,100.2314282918025
106403.jpg,169.62669881576016,159.42042611315333,89.73682497917453
106500.jpg,102.73518160583278,107.67544709366591,113.90262847122108
106501.jpg,94.01016924079686,99.79596351663646,108.30383433755439
106600.jpg,110.47818472262301,107.57635647447296,104.81715691280581
106601.jpg,115.51840800913932,114.00427932866353,112.8323920637498
106602.jpg,120.37879211120706,116.89046505550733,114.59588885084256
106603.jpg,114.2145216082756,113.52667005578779,114.96392926298391
106604.jpg,107.59067826476999,107.06233592548564,108.81967096989933
106605.jpg,143.84969773244262,141.74453109981715,143.39556725978787
106606.jpg,134.66798157102505,133.29699421888307,135.92501265451796
106700.jpg,84.46451700078613,99.29159542059743,110.31130110062894
106701.jpg,107.94361118119643,107.4798487460752,100.66154919381972
106702.jpg,118.86325459798158,116.45347147623686,108.29828531901055
106703.jpg,103.0844642084776,111.35604945613883,107.93875289852454
106704.jpg,97.26683284373816,106.54097820449685,102.36702667944213
106800.jpg,109.83273925781253,107.4261279296878,69.58279988606768
106801.jpg,107.329841105143,106.00585917154972,61.50257690429694
106900.jpg,99.50495666503892,98.14346903483064,57.068086751302125
106901.jpg,106.73812744140649,105.1952793375651,62.45878072102864
106902.jpg,88.30469685872389,88.02714579264328,51.53869181315111
106903.jpg,130.64330647786466,128.04743387858076,87.50077128092458
107000.jpg,120.23115220608244,134.30259232727022,75.10822134715798
107001.jpg,142.6673152515723,125.2356525157233,16.453156937893095
107100.jpg,61.073429665473085,90.98413871267452,103.61226125969175
107101.jpg,65.2869543114428,93.93594260620907,105.82747095468096
107200.jpg,104.59711371527784,131.78164998638286,115.30752945581833
107201.jpg,96.27104459022159,123.90469636077472,106.49200177415744
107202.jpg,116.16554880734991,141.73347140122382,123.3371722514579
107203.jpg,106.3376075307573,131.27530264301407,128.58599594607003
107300.jpg,126.99331399481751,132.7394559284092,105.59531139866068
107301.jpg,135.935429357098,139.95627207684535,117.24501969394778
107400.jpg,69.19338077602363,108.87716863706274,81.68956188224877
107401.jpg,69.37401017136833,109.16058614775571,83.97357586825561
107500.jpg,69.43779248065631,85.33451289267748,70.96234370995118
107501.jpg,94.56294917119212,130.9300325445743,97.60002600662405
107600.jpg,82.47258103353681,119.55926481601618,94.08686300040851
107601.jpg,83.54441350682417,118.08795545383164,95.06833421941076
107700.jpg,137.92920267740902,131.47569193522168,114.51364257812511
107701.jpg,140.874799130743,126.98615141011507,108.15016034497931
107702.jpg,160.63290123289937,148.67858440864083,129.5788931841119
107800.jpg,119.11191834270464,113.51896643818895,104.44815871099276
107801.jpg,108.38856737292562,105.94680368828485,95.81005239871673
107900.jpg,92.39543071875394,106.3134698042819,98.16156145873418
107901.jpg,98.86010964332638,111.07475577802613,103.33663985406241
107902.jpg,131.49089668036325,153.09491954716924,142.80642135837167
108000.jpg,113.4473164876302,118.24657726287857,119.32579040527328
108001.jpg,142.88993390401217,154.05534362792963,162.17814572652173
108100.jpg,137.0681683349611,153.68275390624999,165.51370463053354
108101.jpg,131.20929484049492,146.50192586263043,157.3215616861979
108102.jpg,134.81428914388,148.63799723307278,158.39311767578118
108103.jpg,122.67536295572927,140.3206689453123,150.46398620605459
108104.jpg,128.50562683105463,144.35252339681008,157.37966471354198
108105.jpg,107.53926066080737,125.28520446777357,138.50635131835932
108106.jpg,13.51101806640626,43.193005981445395,96.01910074869784
108200.jpg,133.19312601725275,152.6781618245443,165.23460896809885
108201.jpg,123.67947102864564,146.50220967610645,160.4771858723961
108202.jpg,131.09135559082006,156.32460367838553,170.29985514322914
108203.jpg,127.19217407226563,152.87851603190092,169.7378188069659
108300.jpg,120.31973734537765,128.08358194986965,133.34650207519545
108301.jpg,112.89815511067691,122.2366188557941,126.30055236816402
108400.jpg,132.8684069824219,143.9832843017578,154.90365620930996
108401.jpg,111.37665730794296,118.27425170898432,126.39060221354165
108500.jpg,107.97589742024743,140.17508361816434,158.36770589192727
108501.jpg,95.80434427897136,126.60832194010418,147.049610799154
108600.jpg,94.84723876953116,104.30865295410139,107.78653584798181
108601.jpg,112.24441914876301,121.76472493489571,125.63368041992196
108700.jpg,91.11358723958325,108.93131795247369,123.9306467692058
108701.jpg,92.47582519531254,112.34049886067713,132.25167297363262
108800.jpg,75.9813616943359,84.08945129394523,89.32143412272129
108801.jpg,92.2059120686849,99.8726460774739,107.62597554524734
108802.jpg,108.98308736165359,122.96350504557309,134.488809407552
108900.jpg,71.96779895833329,82.91703333333325,97.85931406250002
108901.jpg,29.77285416666668,57.97049583333342,95.73783697916653
108902.jpg,29.614897395833303,65.92136145833331,115.65944687500013
109000.jpg,25.850976041666662,41.73295781250005,80.83638124999996
109001.jpg,26.305149999999976,54.028910937500065,138.68825156250014
109100.jpg,78.50897812500006,87.65006406250002,95.86242187499997
109101.jpg,95.72050937500002,123.70635625000003,148.72806718749987
109200.jpg,65.6225942708334,75.16281562499994,98.9077984375
109201.jpg,56.17110520833333,69.17104062499999,103.45278593750005
109300.jpg,59.66006056467692,84.61643600463867,120.42984867095947
109301.jpg,52.2311280568441,70.77090167999253,125.79135417938222
109400.jpg,97.50002511342369,101.57343387603746,140.62617524464937
109401.jpg,98.725716908773,104.56295839945496,139.61730734507248
109402.jpg,102.15609359741221,116.87777805328366,152.17187786102286
109500.jpg,79.66518020629888,106.88587315877275,108.50426228841143
109501.jpg,59.65708510080969,113.09952259063719,120.28953679402649
109600.jpg,122.9898761113482,132.78289127349834,116.10330613454188
109601.jpg,114.14972146352127,119.2711620330809,104.37539482116703
109700.jpg,79.16011397043863,85.91784540812142,104.5429089864094
109701.jpg,61.47524388631182,64.04432233174636,86.02907435099284
109800.jpg,17.264895121256515,38.230013211568156,69.45582230885837
109801.jpg,21.755657513936413,47.66648546854657,88.92218621571861
109802.jpg,31.404471715291404,74.79719797770179,148.23461723327608
109900.jpg,134.67798958333324,132.76340989583338,134.03083645833343
109901.jpg,121.79804895833338,119.46749322916658,121.33391875000004
110000.jpg,130.45267049153654,127.74179402669267,119.70178853352884
110001.jpg,109.01583699544274,106.68051432291664,100.02713846842458
110100.jpg,53.653083333333406,119.73856927083341,102.68183854166676
110101.jpg,58.69121145833329,126.22984583333339,108.20175468749993
110200.jpg,116.73174531249994,133.43883437499997,122.19619322916682
110201.jpg,113.28074635416678,138.00460625000008,122.6381661458333
110300.jpg,126.27418593750009,132.2669281250001,124.01259583333352
110301.jpg,121.85793281249991,146.37817812499998,149.51821718750017
110302.jpg,120.06020989583322,140.46895364583352,141.09828489583356
110400.jpg,65.32547916666667,74.16129791666663,85.68815989583331
110401.jpg,57.530359895833314,72.46172916666659,88.78855520833342
110500.jpg,114.9394171875,120.41748697916653,126.34353906250003
110501.jpg,123.57814635416685,125.49636250000016,133.18270520833332
110600.jpg,122.6203166666668,124.44925520833348,126.13837343749978
110601.jpg,133.12271510416682,132.9796953125001,135.33287760416664
110700.jpg,127.85928593750006,126.94320208333315,133.51755468750005
110701.jpg,127.71017708333325,126.31823645833335,131.85044531249991
110702.jpg,131.36565937499984,131.2701083333332,126.76025781249975
110800.jpg,132.73544947916653,136.70871041666624,122.36869895833337
110801.jpg,128.71732291666672,134.25816354166668,117.86687187499984
110802.jpg,117.68478854166644,125.25295625000028,111.61683802083327
110900.jpg,142.20374687499998,140.95086875,143.4758645833333
110901.jpg,155.13394218749994,153.19956718749995,155.26975104166652
111000.jpg,145.3099312500002,139.58025052083337,129.97431614583328
111001.jpg,142.1764885416666,134.71099062500025,123.8109692708331
111002.jpg,145.3473463541667,137.3749307291665,125.94889427083315
111100.jpg,130.82925989583325,126.2505854166667,122.33668385416658
111101.jpg,121.99078281249982,116.4466937500002,111.41762864583323
111200.jpg,99.37730000000005,109.8703354166667,107.95223333333355
111201.jpg,99.7171359375,114.34188541666666,108.64792656249996
111300.jpg,133.16281041666682,144.61008281249988,138.2172791666668
111301.jpg,128.4474682291669,149.1103348958334,143.39364895833313
111400.jpg,115.5460646565753,120.09616658528621,114.66848470052075
111401.jpg,118.8751468912757,122.67715799967425,115.59101460774725
111500.jpg,129.81488505045544,136.9437219238281,129.16810648600267
111501.jpg,132.78258138020857,138.3675813802084,127.4480967203776
111600.jpg,119.52069966634085,127.51874816894549,131.39431905110655
111601.jpg,107.65989359537744,117.20024108886737,110.74409627278631
111700.jpg,134.68531717936196,141.9443859863281,141.5692230224611
111701.jpg,150.28216878255202,147.50843282063786,135.0450386555988
111702.jpg,147.10091186523476,150.60744506835914,141.37682840983106
111703.jpg,119.39535319010443,127.97649190266918,120.29003580729209
111800.jpg,122.24930155436198,125.05383361816405,117.91127482096336
111801.jpg,122.38295593261694,126.327236735026,119.05861735026046
111900.jpg,130.8869071451823,146.17030253092443,132.7590728759765
111901.jpg,127.80443216959652,129.62530151367156,115.85292846679678
112000.jpg,127.99961725870781,138.3458738327025,137.71722253163654
112001.jpg,125.77790991465247,139.8455921808881,141.0613822937009
112002.jpg,112.40644772847494,106.85806496938062,93.97299989064518
112003.jpg,137.1847737630206,128.98878987630212,113.26745287577316
112100.jpg,59.65494954427097,107.17969868977869,121.24023966471339
112101.jpg,59.46565063476562,105.79277608235691,120.5221299235026
112200.jpg,105.18096557617218,136.0068729654949,131.2034899902343
112201.jpg,103.18583923339841,140.8522979736332,135.76640279134102
112300.jpg,92.02814778645825,86.68660217285147,66.44928955078132
112301.jpg,121.05749287923167,115.08554463704418,93.30749450683577
112302.jpg,144.24642211914016,130.32301330566366,103.55676269531261
112400.jpg,139.17729370117172,130.9601949055992,116.98536539713545
112401.jpg,136.95490600585907,135.86658711751315,121.7500207519532
112402.jpg,140.84788940429675,146.67707112630205,128.66410217285127
112403.jpg,128.29648173014354,135.766469116211,109.92993591308591
112404.jpg,126.331393839518,125.67730244954441,101.0403818766276
112405.jpg,139.17274536132805,134.21131673177075,104.90037170410137
112406.jpg,143.23284973144536,132.33472778320325,104.30340209960943
112407.jpg,139.09363057454442,129.9771775309245,102.07976420084637
112408.jpg,141.51424418131467,119.45959960937527,95.35234415690104
112500.jpg,145.8355338541665,137.6609252929693,107.31654215494798
112501.jpg,103.45123148600264,135.00432047526027,104.99179300944016
112600.jpg,100.42525329589834,114.65618774414068,107.39077433268226
112601.jpg,100.61475280761718,101.51965922037736,86.82945882161485
112602.jpg,123.22179931640612,119.36423482259116,98.05697001139332
112700.jpg,99.54380635579417,115.14530008951797,119.35426595052051
112701.jpg,110.22245076497411,120.54275410970048,126.24493774414074
112800.jpg,111.3102551269529,111.10697998046848,112.06323994954384
112801.jpg,134.92288798014306,137.71367472330732,137.4550750732424
112900.jpg,126.1519205729167,127.44573588053402,119.2528338623047
112901.jpg,116.66747395833306,123.94067179362011,114.64977701822934
112902.jpg,112.74330078125001,109.90004211425784,99.51681315104165
113000.jpg,118.21393839518241,119.63423441569012,122.90167622884105
113001.jpg,136.07936828613293,133.76593322753922,129.90148742675757
113100.jpg,122.9586700439452,133.78371968587206,130.66196533203106
113101.jpg,83.85707702636708,104.86986043294273,108.90041605631541
113200.jpg,113.85560974121083,130.83324971516953,123.15986206054671
113201.jpg,123.09809265136747,126.27816426595068,107.20089457193994
113300.jpg,136.7971398925783,138.87043884277338,124.54750976562522
113301.jpg,132.23851745605484,131.6579262288411,116.33351664225265
113400.jpg,130.0445861816407,125.42729227701838,122.3357356770833
113401.jpg,156.52157633463497,155.20633097330736,146.08644978841133
113402.jpg,139.69980834960936,135.92417419433622,131.39376973470053
113403.jpg,130.11008402506502,124.81994649251276,119.53435343424478
113404.jpg,122.60912780761711,117.99312316894569,113.1345037841797
113500.jpg,120.05031351725268,134.50535034179637,126.72432820638019
113501.jpg,140.7197578938804,149.3484368896481,139.6622481282555
113502.jpg,134.64800740559923,142.75691446940073,132.6345184326172
113600.jpg,106.20715657552073,123.43439066569007,116.78125976562512
113601.jpg,113.23345458984355,127.59972920735706,126.26329081217455
113700.jpg,96.89948140462238,123.77021809895867,121.91839965820334
113701.jpg,94.12414388020822,124.93707234700548,123.38754516601564
113800.jpg,155.67712402343747,161.46164896647133,157.87191365559895
113801.jpg,110.21228597005202,121.0787611897786,111.88892537434897
113900.jpg,100.35069213867185,120.81680806477873,116.08306884765634
113901.jpg,110.46541625976575,136.56794433593754,134.8018074544273
114000.jpg,112.11827067057284,118.07950276692718,122.89621785481759
114001.jpg,92.51979614257817,97.43704427083347,100.73654724121123
114002.jpg,58.73376464843729,60.61864929199213,69.54626607259107
114100.jpg,100.31129394531263,118.4326483154296,129.89262471516898
114101.jpg,112.610366414388,117.46839965820296,116.61936340332042
114200.jpg,105.12498026529947,122.4559330240883,118.91424560546902
114201.jpg,102.94356018066424,125.08711832682306,118.82087626139321
114300.jpg,99.02448567708349,99.33860310872389,91.34491597493503
114301.jpg,103.09981547037765,117.76209635416642,111.08194478352841
114400.jpg,121.96697672526045,132.54305053710948,144.1918861897785
114401.jpg,110.05766072591162,122.27691548665344,135.99043721516938
114402.jpg,110.11828389485672,117.0939058430992,125.63953776041676
114500.jpg,118.25081990559875,124.63197753906236,124.66221944173182
114501.jpg,122.0933013916015,131.2210414632161,132.8381113688152
114502.jpg,114.7672894287111,116.44202331542988,112.15626770019534
114503.jpg,124.7340696207683,129.5666849772136,129.37606099446614
114504.jpg,124.30980000813813,129.34974507649744,127.54796488444012
114600.jpg,100.51664611816419,121.81314290364564,139.0898559570313
114601.jpg,123.08819356282557,136.24798482259126,146.953678588867
114700.jpg,104.41504435221364,127.08280293782539,139.75778076171918
114701.jpg,113.2133453369139,129.60699239095052,142.29336161295572
114702.jpg,118.13900187174474,134.11241902669263,146.97464355468776
114703.jpg,128.5575563557944,140.60138061523384,152.3076295979817
114800.jpg,87.86209716796874,113.47446716308579,123.41240844726583
114801.jpg,104.60910766601543,134.47509663899731,144.76831258138031
114900.jpg,135.62721598307314,134.1898608398438,132.21855285644494
114901.jpg,128.06730895996094,126.70184834798167,123.25924438476572
114902.jpg,99.09551920572918,121.54033955891907,139.84874877929667
114903.jpg,72.6158868408204,97.09564270019527,117.73089253743504
115000.jpg,112.10813456217466,135.19180664062497,133.82712931315064
115001.jpg,103.12348653157558,126.3495027669268,128.79570373535154
115100.jpg,126.49880839029929,136.4575354003905,143.44136189778652
115101.jpg,108.26205281575503,128.9779292805992,145.7427445475261
115200.jpg,133.21998677571622,150.97163126627606,162.7203218587241
115201.jpg,126.2025297037762,153.42575968424475,171.32237223307268
115300.jpg,107.94108988444012,133.68441345214842,149.85864583333344
115301.jpg,97.08076599121087,129.21271769205737,150.16057027180972
115400.jpg,127.75017781575522,133.27448384602877,137.0657991536459
115401.jpg,133.00986938476575,134.29932291666677,136.97178690592443
115500.jpg,101.30060302734375,107.7198140462237,111.60739501953151
115501.jpg,105.7629534912109,114.53345520019528,116.96122904459631
115600.jpg,105.14563293457059,116.5835817464196,125.3518902587892
115601.jpg,127.9979115804033,149.4251167805989,165.72690266927117
115602.jpg,98.26614786783855,126.90884562174494,149.70088623046874
115700.jpg,114.10523132324222,128.41013793945325,136.45660868326848
115701.jpg,101.31659179687514,116.79743591308599,125.30874348958335
115702.jpg,109.04314168294263,124.31705078124992,131.16309082031205
115800.jpg,93.11185709635417,112.72904927571588,119.03288513183584
115801.jpg,107.09041625976568,127.94485188802082,138.33418945312513
115900.jpg,97.16570902506517,101.10161661783847,98.47007446289061
115901.jpg,101.7090920003259,108.38476074218742,110.70119506835943
115902.jpg,85.83124409993493,94.55083028157561,98.49489786783843
116000.jpg,124.0096883138021,132.6880977376298,138.84656148274723
116001.jpg,125.5317578124997,133.46046610514307,137.30311401367203
116002.jpg,126.66730672200511,136.53494628906287,137.63570393880224
116100.jpg,113.61529052734375,116.61475809733072,110.8774053955076
116101.jpg,118.37051513671875,126.59104187011738,123.2679956054687
116200.jpg,129.68535624186225,124.28409769694004,112.2983909098308
116201.jpg,120.75447814941397,129.10058898925791,123.02738505045586
116300.jpg,102.90852376302084,109.32702758789063,110.9258296712242
116301.jpg,104.08150736490879,109.9531125895182,108.00896525065104
116400.jpg,99.77686462402346,111.34636922200494,116.83918640136717
116401.jpg,93.01234761555997,106.6906058756513,113.15941772460924
116402.jpg,92.57082499186177,111.97031758626315,122.77055786132833
116500.jpg,109.6239204915363,109.6401310221355,109.67929911295573
116501.jpg,125.76870707194,126.14407755533853,129.5613161214191
116600.jpg,123.04652038574208,137.62244791666654,155.82578409830728
116601.jpg,106.61517049153629,121.40107564290372,146.6684387207033
116700.jpg,130.62242716471374,133.7005784098306,133.43048624674492
116701.jpg,149.32543782552094,154.59086649576858,154.27174092610667
116702.jpg,128.8314758300781,132.38003540039057,130.48400207519532
116703.jpg,106.83828898111992,124.26348083496077,120.46453328450528
116800.jpg,127.35584716796882,132.09651733398437,131.89436584472662
116801.jpg,122.21303405761697,129.92196919759115,131.643653157552
116802.jpg,126.35589599609398,129.6086179606119,130.3828057861328
116803.jpg,128.0772021484372,133.05383687337252,135.26208923339829
116900.jpg,132.5602433268229,141.4422782389322,145.00830505371096
116901.jpg,133.26025472005168,139.64096659342457,141.82033304850262
117000.jpg,136.6965067545573,142.73187967936207,140.00558532714874
117001.jpg,125.38115254720022,127.97245666503895,120.38798278808592
117100.jpg,121.8783390299482,126.86226094563806,128.54932393391977
117101.jpg,124.08788981119781,133.26849670410158,140.50718241373676
117102.jpg,114.79439168294263,121.22971293131509,123.72695963541659
117200.jpg,120.44902526855499,122.30404479980484,123.98076171874978
117201.jpg,134.4567954508464,136.3045458984374,139.6884895833337
117300.jpg,144.29474141438791,142.6151580810547,137.91629455566402
117301.jpg,157.90213500976574,155.20875956217478,150.86393554687496
117302.jpg,143.03796346028656,139.53620727539038,133.30267435709615
117400.jpg,134.7603308105465,125.94772196451808,115.67722086588546
117401.jpg,137.2871793619792,131.3558825683593,122.62696289062515
117402.jpg,136.32458719889308,135.07407918294285,132.72690246582013
117403.jpg,131.1743570963543,125.8590745035804,120.8198081461589
117500.jpg,122.58529276529953,128.50393920898406,128.6532049560546
117501.jpg,114.45547241210917,126.21163045247366,127.33198262532537
117600.jpg,118.57184488932303,139.66598510742196,137.27407267252613
117601.jpg,108.13602254231766,126.03852416992181,111.40558207193976
117700.jpg,84.95250508626268,118.23200337727887,153.2950948079425
117701.jpg,93.98299316406239,123.02196105957049,152.16829243977884
117800.jpg,91.32819539388007,118.32691609700551,144.87570170084626
117801.jpg,123.60426228841152,136.90314290364554,153.14479024251284
117802.jpg,115.13513854980458,126.40369425455704,138.46116048177106
117900.jpg,103.10749837239595,111.8964180501304,141.44848592122398
117901.jpg,113.40237060546879,117.33691813151054,144.38437784830757
118000.jpg,117.99163452148466,128.71181355794306,155.7680369059244
118001.jpg,123.19032206217446,132.51765645345088,152.4640295410157
118002.jpg,133.46789855957005,139.73446695963565,156.20782633463566
118003.jpg,110.40027628580724,127.54368306477863,148.61768249511798
118100.jpg,112.02458821614576,122.73231282552092,154.14065673828105
118101.jpg,96.76052246093751,125.57827962239575,179.23344421386733
118200.jpg,116.33841105143225,128.01651529947918,156.71163146972629
118201.jpg,115.48077189127596,126.00141581217467,148.525788574219
118202.jpg,132.01398844401027,139.2573799641928,159.62806681315075
118300.jpg,89.38255330403653,122.75648111979183,177.032240193685
118301.jpg,83.42938456217438,121.37848368326839,181.0691269938153
118302.jpg,93.1332519531252,123.88777791341128,177.77425699869784
118303.jpg,89.00315083821619,122.65259501139329,179.61814432779934
118400.jpg,75.18247599283856,77.87302795410156,87.974560953776
118401.jpg,83.16134745279933,80.99736165364598,86.37203918457041
118402.jpg,66.59104777018231,79.67687357584606,97.78944519042972
118500.jpg,109.16808471679686,114.4618377685546,135.72867716471353
118501.jpg,134.46724283854172,127.88392293294278,140.9267030843103
118600.jpg,121.10869995117203,134.72407470703106,167.24564188639292
118601.jpg,131.51959777832022,145.09238749186187,177.31204752604185
118700.jpg,91.35172526041664,114.3328649902345,141.69025939941406
118701.jpg,92.95352844238278,129.60864929199198,159.12905456542973
118800.jpg,94.91874654134116,115.64521667480444,147.45259094238264
118801.jpg,89.77879659016935,106.23136881510428,133.6648488362634
118802.jpg,79.74166870117192,99.58746826171873,131.33534301757817
118803.jpg,65.59644531249992,75.50626241048185,99.39701273600258
118900.jpg,124.6491559346516,117.18986129760734,106.62761306762708
118901.jpg,131.18778165181484,124.89834181467688,113.07045904795314
119000.jpg,129.01266133626274,124.82362894694032,118.42317138671896
119001.jpg,140.56425821940144,130.98857157389327,119.14497151692726
119100.jpg,133.6054414876302,136.7078908284505,146.61344462076812
119101.jpg,130.5998628743493,133.43090657552085,131.84699951171893
119200.jpg,135.31287740071616,140.2191078694661,160.04849446614563
119201.jpg,132.86666748046875,139.5300109863278,158.50158935546855
119202.jpg,125.88341613769539,128.64870524088533,143.71378417968725
119203.jpg,142.44930501302127,141.82688151041688,151.83871602376277
119300.jpg,143.9753981526689,137.54545532226544,132.9296598307289
119301.jpg,157.41573486328144,146.5536891682941,137.4988197835286
119400.jpg,124.77781738281234,129.13821065266933,131.59567138671835
119401.jpg,118.0209114583334,123.85738098144547,129.04994059244788
119500.jpg,124.94836710612,121.79379455566406,114.56926737467441
119501.jpg,132.86598897298168,128.35151367187552,119.67002909342462
119600.jpg,122.88253417968758,130.79352172851563,144.55504943847643
119601.jpg,111.40549519856795,121.9199214680988,130.22192179362
119602.jpg,118.47989420572932,128.86914042154956,134.7960115559893
119603.jpg,105.27163533528667,118.65389628092471,128.8716731770831
119604.jpg,102.87667215983068,118.84338073730457,124.86388305664055
119605.jpg,97.06211954752595,115.07211344401017,133.65503051757815
119700.jpg,114.05019429524717,111.46117472330738,106.47136047363304
119701.jpg,134.05817525227855,124.63012471516932,112.99158142089846
119702.jpg,111.38149373372373,112.57596354166643,109.51610392252621
119703.jpg,116.48721740722661,112.9752189127602,108.59156209309899
119704.jpg,126.11796997070311,125.49295349121105,122.23424011230466
119800.jpg,144.12926269531252,133.69930379231747,123.58377848307285
119801.jpg,139.01214599609355,130.80830525716135,121.13835388183597
119900.jpg,134.2994165039064,137.40710306803396,136.18855692545537
119901.jpg,137.04679321289058,138.28140157063817,129.12981241861988
120000.jpg,77.64576578776034,70.8823763020832,66.4598347981773
120001.jpg,84.98079711914049,92.47947733561202,101.5763264973959
120100.jpg,116.34967956542971,133.0532092285156,138.73564595540367
120101.jpg,118.39047770182283,129.81976135253922,135.4034611002606
120200.jpg,90.49432291666675,108.00757751464862,106.53059265136721
120201.jpg,127.25932047526041,134.35361490885373,129.8140161132811
120300.jpg,120.89358866373695,128.23350850423188,121.099908040365
120301.jpg,113.08279276529913,132.30270406087251,137.86667358398412
120400.jpg,124.58319274902362,142.09328369140613,143.1041042073566
120401.jpg,116.70736999511715,141.64474304199217,149.56887939453117
120500.jpg,107.8858902994792,118.57798400878903,121.59297505696615
120501.jpg,102.44200500488292,109.16547688802083,111.84314493815077
120600.jpg,106.59904113769525,114.69303588867197,113.99422892252593
120601.jpg,77.68903401692695,80.20561360677075,77.63852396647123
120700.jpg,121.2418778483074,112.56409220377627,101.98867655436212
120701.jpg,124.51015502929697,116.97435404459614,106.86032368977858
120702.jpg,120.42631612141929,119.07301493326827,112.68711791992214
120703.jpg,126.43081339518224,121.20805501302077,111.60370768229161
120800.jpg,110.2292932128903,108.25884969075541,100.90433675130203
120801.jpg,115.30535156250005,112.29650227864545,105.9408341471354
120900.jpg,106.73097005208335,108.38424601236974,103.11873840332018
120901.jpg,115.42739481608048,114.9898319498698,107.87671386718753
121000.jpg,131.31013977050776,125.32122029622394,139.60907836914058
121001.jpg,156.8664695231123,156.53720601399726,172.86681335449248
121100.jpg,141.8930718994141,131.79839436848943,106.79441792805994
121101.jpg,139.06059000651044,125.07351643880209,98.11542032877617
121200.jpg,84.21346150716133,72.41089680989566,68.86844706217435
121201.jpg,117.91076538085925,111.36815246582043,111.71325317382814
121300.jpg,64.20775451660155,63.92330546061201,69.86093668619789
121301.jpg,111.92625813802097,110.94538838704413,114.7010797119138
121400.jpg,114.88356241861986,124.91009033203109,139.10363871256502
121401.jpg,108.29345296223956,117.06458679199204,133.27113403320317
121402.jpg,118.06057088216157,119.52484090169244,122.55134745279972
121403.jpg,123.65132344563793,120.56421040852838,119.16255940755225
121404.jpg,109.59740051269526,106.74593546549492,109.03821085611976
121500.jpg,107.60610310872414,107.05058471679664,107.68847147623701
121501.jpg,118.48801717122406,121.39487325032556,121.14807189941394
121600.jpg,102.92621520996099,97.32577799479186,90.10529093424478
121601.jpg,123.1540946451825,121.57150248209632,117.8122910563151
121700.jpg,109.94535970052077,116.96318725585948,121.00839314778628
121701.jpg,112.74720316569002,127.04395426432295,131.31810668945303
121800.jpg,115.05258260091117,95.448715209961,77.99296997070329
121801.jpg,121.06929178873676,111.57937764485673,110.77661031087257
121900.jpg,97.57543721516905,96.7572987874349,92.3824859619141
121901.jpg,88.1989475504558,97.14663411458322,102.66688964843752
122000.jpg,102.66098693847653,94.76119038899756,82.57111979166672
122001.jpg,120.27285074869788,120.43129455566427,110.4645955403644
122002.jpg,111.59703186035146,120.58823140462232,124.37110636393216
122100.jpg,111.65720642089866,96.9372454833984,83.26116597493494
122101.jpg,109.29681030273423,101.16004252115883,93.93419413248712
122102.jpg,119.51269877115885,114.21461710611986,117.24986531575522
122200.jpg,94.34409566243475,122.18091756184904,111.56215861002616
122201.jpg,97.74399414062502,147.2170397949223,140.85219828287754
122202.jpg,93.98525797526045,116.7077958170573,115.56083475748696
122203.jpg,96.48802062988281,125.42760742187528,118.97878682454416
122300.jpg,130.24010626475055,131.00815550486237,131.78395175933838
122301.jpg,122.15405623118058,123.8429629007975,124.38229529062914
122302.jpg,111.42499605814618,113.10704167683924,113.00996526082355
122400.jpg,82.67990238410383,85.51318981496445,88.44245830777582
122401.jpg,81.26753676233199,84.34920819074954,88.8715823675319
122402.jpg,87.80540075380964,92.90629640689566,96.0090298403064
122500.jpg,128.290363629659,129.9244286219281,128.8244921366373
122501.jpg,125.82402706146253,127.18448225657158,125.63712437947589
122502.jpg,124.90040659838824,125.24027910048626,124.83891678907327
122503.jpg,117.03586419423429,118.69775327046713,114.64251391092947
122504.jpg,99.44817829132086,103.166760444641,98.0655727386475
122600.jpg,137.6868085861206,139.94391886393228,139.3043909072876
122601.jpg,134.22861925760904,135.06825097401938,133.0293451944987
122602.jpg,133.5311959584554,134.27070172627768,132.1489896774292
122700.jpg,117.12629781087219,114.0889211018879,109.73005106608062
122701.jpg,112.21562316894551,114.13605936686209,116.93021830240903
122702.jpg,126.92270711262991,111.01461507161464,95.90479756673166
122703.jpg,100.22623657226569,98.36994649251304,96.55752624511715
122704.jpg,116.45379575093592,117.13668823242179,117.91308816274007
122705.jpg,111.76740105946874,113.0629498163859,114.25134881337466
122706.jpg,127.92519090720762,128.800745099701,130.01961128508086
122707.jpg,126.87415979979133,118.6188203165355,113.16683766598878
122708.jpg,127.6293404897054,123.33312511444092,115.64839108784993
122709.jpg,126.76031748453742,123.59512869517005,119.45029226938857
122800.jpg,73.41972541809082,75.15777746836345,78.02425797780354
122801.jpg,75.58002281188965,76.95786507924397,79.65186436971028
122900.jpg,123.09873835245769,126.97080326080322,124.58474858601888
122901.jpg,123.34858322143555,126.59889284769694,123.97978560129802
123000.jpg,127.90874067942293,130.78037071228007,145.47342205047624
123001.jpg,125.87740039825431,128.86277898152667,143.0031445821126
123002.jpg,123.45434570312484,127.76644802093527,140.432458559672
123003.jpg,122.64200369516999,126.9913930892941,139.3621451059978
123100.jpg,97.91496340433754,127.30824311574317,158.94778092702242
123101.jpg,70.04984792073567,86.13708432515462,101.03159364064534
123200.jpg,87.4063040415446,105.93320337931316,138.92799472808838
123201.jpg,71.86908721923828,103.73250993092877,128.57112916310635
123202.jpg,98.37415790557837,124.83112462361656,149.55230490366628
123203.jpg,97.77228641510004,127.796966234843,156.61502393086715
123204.jpg,70.57815678914386,114.96548970540371,154.57595984141045
123205.jpg,95.73569647471103,129.85560194651293,157.61486784617082
123300.jpg,105.00887457529714,142.5326156616207,169.33581988016755
123301.jpg,83.94600772857667,121.50949033101402,149.6139294306436
123400.jpg,126.91479905446383,136.86634635925319,135.48128382364902
123401.jpg,126.95044549306223,136.99824841817227,133.03908888498947
123402.jpg,117.80848789215088,126.98109849294026,113.97969595591228
123403.jpg,111.88252639770528,118.88286717732733,110.42552916208905
123404.jpg,153.00690587361635,159.666318893433,154.5163866678877
123500.jpg,106.99069803873688,101.59578715006532,97.62696838378915
123501.jpg,122.05268534342444,114.93218709309899,105.38261108398424
123600.jpg,136.9884417724612,122.91512715657504,112.06768920898438
123601.jpg,138.71052632649696,123.71126057942715,111.11953816731791
123602.jpg,131.8474045817057,116.92215922037744,104.49595804850249
123700.jpg,150.56586710611984,123.70770650227875,99.86090759277354
123701.jpg,142.7901763916015,115.29681030273439,90.0602392578126
123800.jpg,137.46244405110707,118.91394795735671,105.19647338867193
123801.jpg,159.18651367187505,138.42098978678368,121.5649275716147
123900.jpg,140.65484334309912,120.45069580078106,104.39336608886735
123901.jpg,136.2387302652996,113.80544535319002,95.39963887532535
124000.jpg,143.62625122070304,129.44611287434898,119.16653605143217
124001.jpg,139.30159077962236,117.02976562499995,98.2636830647784
124002.jpg,154.80475341796884,127.46119730631489,102.37732788085938
124003.jpg,137.32135843912775,115.93937825520823,93.4591516113281
124100.jpg,141.58122863769535,127.30306844075483,115.8623909505209
124101.jpg,144.86872701009128,128.80306416829447,117.08850870768217
124200.jpg,137.4793796793619,127.89108317057307,119.52390909830714
124201.jpg,129.42795593261698,118.54946268717421,109.89600484212242
124202.jpg,132.255366821289,120.84369364420589,111.40018615722647
124300.jpg,115.89563781738275,113.07449666341162,112.00093627929684
124301.jpg,127.79011901855483,125.68039652506499,123.22977823893243
124302.jpg,139.12986226399755,134.30673909505236,128.76229614257812
124400.jpg,113.3596171875,117.77781562500012,124.61667552083335
124401.jpg,117.73887968749999,121.31288333333323,130.48003749999992
124402.jpg,122.43631770833315,124.49986197916652,128.7007177083332
124500.jpg,118.8835192708332,146.8992229166667,168.89136302083327
124501.jpg,11.745709374999995,59.027410937500115,113.8476057291666
124600.jpg,126.97211041666677,138.84571197916685,136.1154604166666
124601.jpg,145.45780000000008,142.51575156250024,136.38516354166674
124700.jpg,94.75019010416656,117.51778697916625,148.15239479166638
124701.jpg,104.85154218749994,133.59142291666646,190.10819791666628
124800.jpg,181.23804895833342,159.10852968749987,136.29306874999972
124801.jpg,182.73805677083317,156.91177604166683,132.0343984374999
124802.jpg,171.60386718750019,150.16471666666683,126.58698906250001
124900.jpg,51.17722291666667,56.34259374999998,62.4571447916667
124901.jpg,107.61970520833343,125.10040625000002,138.13290677083324
125000.jpg,139.75191614583318,169.85625416666642,162.28751041666686
125001.jpg,46.549895312499984,76.12793541666676,65.13097291666654
125100.jpg,29.169072395833297,41.15976510416674,62.95859010416676
125101.jpg,28.503728125000023,39.63393697916666,61.08040885416667
125102.jpg,38.20700729166665,57.76335000000004,90.53780260416677
125200.jpg,35.15797552083334,50.757975520833305,72.62295208333336
125201.jpg,43.58293645833334,54.4415838541666,66.33422656250005
125202.jpg,60.34584739583318,75.47295729166662,90.46545625000006
125203.jpg,60.89325833333337,74.7666624999999,89.41162552083323
125300.jpg,65.16786607106523,75.87853336334246,81.92639319101993
125301.jpg,63.957755724588964,78.57163778940829,75.60911814371758
125400.jpg,95.78749497731526,109.5560474395752,108.26988665262859
125401.jpg,95.33972708384184,98.51532268524181,96.31608708699525
125500.jpg,134.39442698160823,131.3532206217446,109.59122721354184
125501.jpg,145.12285518646263,134.968857129415,115.11432107289617
125600.jpg,121.5002841949463,125.35265890757243,119.34363428751642
125601.jpg,89.69553025563559,93.47513612111406,87.78101380666106
125700.jpg,8.437034289042161,11.514689445495623,16.33917109171548
125701.jpg,6.405667940775556,9.747664769490571,13.525026639302538
125702.jpg,6.393860499064132,9.426273663838703,12.817915598551432
125703.jpg,7.653200149536135,9.856988906860353,13.858794212341303
125800.jpg,5.184017817179361,5.598056157430009,5.450290679931641
125801.jpg,5.861262321472166,6.490291277567547,5.8932822545369525
125802.jpg,4.918425877889,5.177213033040368,4.943580945332848
125900.jpg,147.774916330973,138.2483536402385,130.66834576924637
125901.jpg,146.2021818161011,141.51686509450298,137.17883205413827
126000.jpg,144.98511695861816,146.00668811798096,130.74274444580078
126001.jpg,128.6554600397745,149.67976347605367,134.1191256841025
126002.jpg,135.7461414337159,161.67794036865232,147.18242677052797
126100.jpg,48.47293631235761,55.36271762847896,56.91654618581118
126101.jpg,95.48544470469172,103.65953890482609,107.85561339060467
126102.jpg,137.3216625849406,144.93060239156065,150.49393113454195
126200.jpg,205.1276273727418,195.46173318227108,185.76736672719332
126201.jpg,201.06706555684394,191.6146424611407,182.84123357137028
126202.jpg,78.05055745442705,74.17552057902002,68.50239721934004
126300.jpg,164.66738859812426,184.48331864674893,160.20467599232975
126301.jpg,140.4687798817955,125.59659131368004,106.19886334737147
126400.jpg,78.63210900624588,87.05935827891027,94.62317752838148
126401.jpg,71.15083599090576,91.95733642578124,108.42045402526847
126402.jpg,69.23721599578856,90.30608208974219,106.83222007751468
126500.jpg,71.3889293670654,80.23753484090172,87.18109639485687
126501.jpg,80.78630892435714,88.29274082183822,95.28337637583404
126502.jpg,74.10951296488435,91.3095855712893,105.94212055206289
126600.jpg,109.28982893625891,104.24840005238842,93.96485805511477
126601.jpg,126.53193664550777,129.20962778727215,117.58163420359277
126700.jpg,110.57418060302727,111.35931619008404,109.97769069671615
126701.jpg,87.58106644948323,86.03702513376872,85.42767969767253
126702.jpg,77.1524667739866,74.29188982645687,74.20885499318432
126703.jpg,53.69315528869633,57.13500881195075,62.772441864013715
126704.jpg,88.67992687225349,97.60618623097726,107.12785657246881
126705.jpg,88.81087589263939,99.16400909423821,111.11465549468996
126800.jpg,98.13084856669106,102.81508509318037,105.6722370783488
126801.jpg,60.34566783905029,80.2780933380127,95.57489236195882
126802.jpg,75.77218437194826,88.2911485036213,99.46285851796463
126803.jpg,55.041040102640785,61.61046282450358,68.4053856531779
126804.jpg,43.78963184356689,60.57674407958986,78.15668296813983
126805.jpg,83.0329990386963,92.87881596883139,101.2040214538576
126806.jpg,81.22124385833744,94.50519593556724,106.51885064442938
126807.jpg,101.57026640574138,106.56703917185466,109.886292775472
126808.jpg,103.16104380289725,112.91698201497378,122.30641587575273
126900.jpg,95.05333042144768,97.0950711568195,100.38180033365893
126901.jpg,98.33486938476572,102.5446014404298,106.9721879959108
126902.jpg,108.43389511108413,103.4894634882609,100.57549349466959
127000.jpg,45.03953361511226,62.17201805114736,116.47375043233214
127001.jpg,20.24940872192385,32.06256071726475,59.37113062540698
127100.jpg,98.68970012664799,84.40430672963483,67.96368598937991
127101.jpg,95.13848336537666,79.05051930745444,63.79891999562588
127200.jpg,34.70039653778076,25.37948513031006,19.17780049641927
127201.jpg,37.12897523244222,28.427430152893066,21.721818606058758
127202.jpg,38.04164059956869,32.478328704833984,27.66851266225179
127300.jpg,109.52417564392087,99.15235932668054,88.53473536173502
127301.jpg,124.2014347712199,129.04779942830396,128.88481775919607
127400.jpg,2.59611574808756,2.7645845413207994,2.911569595336912
127401.jpg,2.800525665283204,2.98145866394043,3.1462621688842765
127402.jpg,1.7189502716064453,1.8216066360473644,1.916157086690267
127403.jpg,1.9988644917805987,2.176918347676598,2.299055417378749
127500.jpg,68.39139175415043,68.08579031626375,66.86352062225333
127501.jpg,60.6126378377279,62.679606755574575,63.55594412485774
127502.jpg,60.427202860514264,75.08099842071533,85.64490509033192
127503.jpg,61.42422135670978,75.83116881052635,85.49743398030624
127600.jpg,74.0066305796305,81.8035910924275,87.45636399587015
127601.jpg,69.05923938751214,74.15515804290787,78.12076155344643
127602.jpg,69.17639923095697,74.93321037292485,78.99052365620939
127700.jpg,119.27188110351562,106.05378532409668,92.59793853759766
127701.jpg,120.3627462387085,106.90951410929362,93.6901143391927
127800.jpg,105.75857988993327,75.63761742909749,55.983263651529946
127801.jpg,122.7408882776897,97.37505817413339,78.38528315226223
127802.jpg,103.35054747263591,83.82753531138103,69.00062084197998
127900.jpg,106.15994993845622,100.7964407602946,93.16909567515056
127901.jpg,108.82162920633948,105.65117486317953,99.97677866617866
128000.jpg,132.02737343749993,153.59978125000015,130.05443437499991
128001.jpg,123.57267760416678,150.61387760416673,124.35970624999996
128002.jpg,126.21026770833333,151.77309635416657,128.81376458333304
128100.jpg,112.50831562499991,136.78030468749984,133.0520354166667
128101.jpg,115.7940703125001,132.205146354167,132.97115677083323
128200.jpg,118.70408541666673,138.41426197916664,147.99752968749996
128201.jpg,125.77162343749983,136.4889578125,143.0625859374999
128300.jpg,3.335758845011393,3.3227357864379887,3.615801493326823
128301.jpg,2.665549596150717,2.720996220906576,2.959206263224281
128400.jpg,143.71133906249986,145.1384041666665,128.52343020833325
128401.jpg,150.57084739583343,149.01005729166675,139.79291562500003
128500.jpg,127.39070520833337,139.06576718749986,135.53771145833335
128501.jpg,125.97732447916661,132.07820416666684,132.57189010416684
128502.jpg,109.27670781249985,123.3193942708334,116.23999427083339
128600.jpg,19.12321367079889,44.83164334888308,81.29864821420888
128601.jpg,18.1049345662771,43.112065086680026,79.00212513316751
128700.jpg,137.18295572916668,153.91286614583325,150.40281614583344
128701.jpg,130.04258645833323,148.71304635416672,146.3443083333333
128800.jpg,142.93847447916644,150.93240833333306,160.66025000000002
128801.jpg,139.92943229166673,145.17304270833316,152.15659791666673
128900.jpg,133.25324062500005,139.29578906250012,139.82518229166666
128901.jpg,123.73502395833326,132.50066250000003,131.62078802083334
129000.jpg,117.14643906249995,128.76145885416682,127.96372395833332
129001.jpg,119.06197760416666,152.61516979166674,146.43190208333354
129002.jpg,112.66178072916662,129.90578541666696,128.9364052083333
129003.jpg,99.02843281249997,103.29989791666664,104.77755052083343
129100.jpg,159.26552447916666,147.1872828124999,130.08281093749983
129101.jpg,162.5006703125002,151.67548541666648,137.19007812499996
129200.jpg,156.12930677083315,152.10552239583333,146.9739718749998
129201.jpg,166.19797656249997,160.94610260416644,155.6158875
129202.jpg,152.01602187500004,147.0678802083333,139.33071770833328
129300.jpg,112.89025716145844,115.5567805989582,113.09032552083337
129301.jpg,109.22976236979162,112.58111979166654,106.93626302083348
129400.jpg,132.03521484374977,135.51296223958323,136.27157552083312
129401.jpg,117.79740559895839,120.65555013020837,122.64982747395828
129500.jpg,138.8263432291664,145.40286354166687,143.1344619791668
129501.jpg,135.59927239583303,143.8191052083334,141.79078802083313
129600.jpg,125.31006250000002,133.91772239583344,142.24529062500008
129601.jpg,136.28550468749987,142.8676989583333,152.4989927083333
129602.jpg,154.55316875000008,159.70288125000002,170.6636963541666
129700.jpg,66.11423057367004,100.02862733783148,121.06042345956007
129701.jpg,75.98720380294412,111.28764608083617,134.64360479349642
129800.jpg,109.78938802083339,121.05972968750001,123.20845885416678
129801.jpg,144.4823812499998,155.89466822916643,159.52030208333352
129802.jpg,104.3348958333332,117.9179145833332,120.61798437499982
129900.jpg,173.28369218750012,177.94272864583328,185.05812864583334
129901.jpg,163.35162916666678,164.9728838541667,171.28324531250001
opencv_concat_tile_resize.jpg,122.86385260943312,139.55205813926702,122.16028301814352
